date,strike,expiry,type,oi,iv,days_to_expiry,settlement
2026-06-17,20000,2026-07-09,put,2102,1.4824,22,1.0
2026-06-17,22000,2026-07-09,put,339,1.3723,22,1.0
2026-06-17,24000,2026-07-09,put,180,1.3376,22,2.0
2026-06-17,25000,2026-07-09,put,2544,1.2882,22,2.0
2026-06-17,26000,2026-07-09,put,385,1.2408,22,2.0
2026-06-17,27000,2026-07-09,put,132,1.2337,22,3.0
2026-06-17,28000,2026-07-09,put,84,1.1884,22,3.0
2026-06-17,29000,2026-07-09,put,218,1.1448,22,3.0
2026-06-17,30000,2026-07-09,put,2077,1.1026,22,3.0
2026-06-17,31000,2026-07-09,put,217,1.0873,22,4.0
2026-06-17,32000,2026-07-09,put,647,1.0672,22,5.0
2026-06-17,33000,2026-07-09,put,300,1.0441,22,6.0
2026-06-17,34000,2026-07-09,put,106,1.019,22,7.0
2026-06-17,35000,2026-07-09,put,1542,0.9804,22,7.0
2026-06-17,35500,2026-07-09,put,100,0.9735,22,8.0
2026-06-17,35750,2026-07-09,put,1,0.9641,22,8.0
2026-06-17,36000,2026-07-09,put,155,0.9655,22,9.0
2026-06-17,36500,2026-07-09,put,106,0.9466,22,9.0
2026-06-17,36750,2026-07-09,put,3,0.9373,22,9.0
2026-06-17,37000,2026-07-09,put,68,0.9281,22,9.0
2026-06-17,37250,2026-07-09,put,1,0.9189,22,9.0
2026-06-17,37500,2026-07-09,put,105,0.9098,22,9.0
2026-06-17,38000,2026-07-09,put,156,0.9009,22,10.0
2026-06-17,38250,2026-07-09,put,2,0.8919,22,10.0
2026-06-17,38500,2026-07-09,put,232,0.8829,22,10.0
2026-06-17,39000,2026-07-09,put,647,0.8811,22,12.0
2026-06-17,39500,2026-07-09,put,60,0.8632,22,12.0
2026-06-17,39750,2026-07-09,put,4,0.8544,22,12.0
2026-06-17,40000,2026-07-09,put,2069,0.8526,22,13.0
2026-06-17,40250,2026-07-09,put,14,0.8438,22,13.0
2026-06-17,40500,2026-07-09,put,168,0.835,22,13.0
2026-06-17,40750,2026-07-09,put,11,0.8327,22,14.0
2026-06-17,41000,2026-07-09,put,66,0.8414,22,17.0
2026-06-17,41250,2026-07-09,put,57,0.8325,22,17.0
2026-06-17,41500,2026-07-09,put,215,0.8238,22,17.0
2026-06-17,41750,2026-07-09,put,11,0.815,22,17.0
2026-06-17,42000,2026-07-09,put,283,0.8114,22,18.0
2026-06-17,42250,2026-07-09,put,12,0.7977,22,17.0
2026-06-17,42500,2026-07-09,put,207,0.7891,22,17.0
2026-06-17,42750,2026-07-09,put,68,0.7855,22,18.0
2026-06-17,43000,2026-07-09,put,805,0.7862,22,20.0
2026-06-17,43250,2026-07-09,put,23,0.7776,22,20.0
2026-06-17,43500,2026-07-09,put,88,0.7691,22,20.0
2026-06-17,43750,2026-07-09,put,27,0.7648,22,21.0
2026-06-17,44000,2026-07-09,put,374,0.7682,22,24.0
2026-06-17,44250,2026-07-09,put,82,0.7596,22,24.0
2026-06-17,44500,2026-07-09,put,472,0.7511,22,24.0
2026-06-17,44750,2026-07-09,put,47,0.7462,22,25.0
2026-06-17,45000,2026-07-09,put,2213,0.7412,22,26.0
2026-06-17,45250,2026-07-09,put,26,0.7328,22,26.0
2026-06-17,45500,2026-07-09,put,225,0.7243,22,26.0
2026-06-17,45750,2026-07-09,put,17,0.7224,22,28.0
2026-06-17,46000,2026-07-09,put,780,0.726,22,32.0
2026-06-17,46250,2026-07-09,put,79,0.7175,22,32.0
2026-06-17,46500,2026-07-09,put,318,0.709,22,32.0
2026-06-17,46750,2026-07-09,put,4,0.7006,22,32.0
2026-06-17,47000,2026-07-09,put,1022,0.695,22,33.0
2026-06-17,47250,2026-07-09,put,47,0.6893,22,34.0
2026-06-17,47500,2026-07-09,put,189,0.6835,22,35.0
2026-06-17,47750,2026-07-09,put,63,0.6751,22,35.0
2026-06-17,48000,2026-07-09,put,3050,0.6809,22,41.0
2026-06-17,48250,2026-07-09,put,30,0.6725,22,41.0
2026-06-17,48500,2026-07-09,put,517,0.6641,22,41.0
2026-06-17,48750,2026-07-09,put,24,0.66,22,43.0
2026-06-17,49000,2026-07-09,put,305,0.6577,22,46.0
2026-06-17,49250,2026-07-09,put,41,0.6494,22,46.0
2026-06-17,49500,2026-07-09,put,421,0.6504,22,51.0
2026-06-17,49750,2026-07-09,put,17,0.6455,22,53.0
2026-06-17,50000,2026-07-09,put,3910,0.6388,22,54.0
2026-06-17,50250,2026-07-09,put,15,0.6321,22,55.0
2026-06-17,50500,2026-07-09,put,105,0.6286,22,58.0
2026-06-17,50750,2026-07-09,put,4,0.6233,22,60.0
2026-06-17,51000,2026-07-09,put,1265,0.6194,22,63.0
2026-06-17,51250,2026-07-09,put,3,0.6139,22,65.0
2026-06-17,51500,2026-07-09,put,809,0.6096,22,68.0
2026-06-17,51750,2026-07-09,put,8,0.6026,22,69.0
2026-06-17,52000,2026-07-09,put,1439,0.5955,22,70.0
2026-06-17,52250,2026-07-09,put,140,0.5947,22,76.0
2026-06-17,52500,2026-07-09,put,775,0.5887,22,78.0
2026-06-17,52750,2026-07-09,put,15,0.5826,22,80.0
2026-06-17,52875,2026-07-09,put,2,0.5807,22,82.0
2026-06-17,53000,2026-07-09,put,4192,0.5776,22,83.0
2026-06-17,53125,2026-07-09,put,4,0.5745,22,84.0
2026-06-17,53250,2026-07-09,put,408,0.5746,22,88.0
2026-06-17,53375,2026-07-09,put,163,0.5725,22,90.0
2026-06-17,53500,2026-07-09,put,136,0.5693,22,91.0
2026-06-17,53625,2026-07-09,put,4,0.5671,22,93.0
2026-06-17,53750,2026-07-09,put,18,0.5629,22,93.0
2026-06-17,53875,2026-07-09,put,108,0.5606,22,95.0
2026-06-17,54000,2026-07-09,put,849,0.5533,22,92.0
2026-06-17,54125,2026-07-09,put,8,0.555,22,98.0
2026-06-17,54250,2026-07-09,put,18,0.5517,22,99.0
2026-06-17,54375,2026-07-09,put,19,0.5512,22,103.0
2026-06-17,54500,2026-07-09,put,79,0.5479,22,104.0
2026-06-17,54625,2026-07-09,put,2,0.5472,22,108.0
2026-06-17,54750,2026-07-09,put,16,0.5447,22,110.0
2026-06-17,54875,2026-07-09,put,9,0.5421,22,112.0
2026-06-17,55000,2026-07-09,put,4101,0.5387,22,113.0
2026-06-17,55125,2026-07-09,put,10,0.5352,22,114.0
2026-06-17,55250,2026-07-09,put,6,0.5351,22,119.0
2026-06-17,55375,2026-07-09,put,10,0.5332,22,122.0
2026-06-17,55500,2026-07-09,put,486,0.524,22,116.0
2026-06-17,55625,2026-07-09,put,5,0.5213,22,118.0
2026-06-17,55750,2026-07-09,put,6,0.5178,22,119.0
2026-06-17,55875,2026-07-09,put,8,0.5143,22,120.0
2026-06-17,56000,2026-07-09,put,2297,0.5116,22,122.0
2026-06-17,56250,2026-07-09,put,90,0.5127,22,135.0
2026-06-17,56375,2026-07-09,put,746,0.5119,22,140.0
2026-06-17,56500,2026-07-09,put,398,0.5089,22,142.0
2026-06-17,56625,2026-07-09,put,76,0.5059,22,144.0
2026-06-17,56750,2026-07-09,put,27,0.5036,22,147.0
2026-06-17,56875,2026-07-09,put,13,0.5012,22,150.0
2026-06-17,57000,2026-07-09,put,2190,0.4968,22,150.0
2026-06-17,57125,2026-07-09,put,1,0.4969,22,157.0
2026-06-17,57250,2026-07-09,put,19,0.4957,22,162.0
2026-06-17,57375,2026-07-09,put,2,0.4931,22,165.0
2026-06-17,57500,2026-07-09,put,451,0.4905,22,168.0
2026-06-17,57625,2026-07-09,put,8,0.489,22,173.0
2026-06-17,57750,2026-07-09,put,14,0.4857,22,175.0
2026-06-17,57875,2026-07-09,put,57,0.4841,22,180.0
2026-06-17,58000,2026-07-09,put,2746,0.4813,22,183.0
2026-06-17,58125,2026-07-09,put,6,0.4796,22,188.0
2026-06-17,58250,2026-07-09,put,15,0.4778,22,193.0
2026-06-17,58375,2026-07-09,put,11,0.4754,22,197.0
2026-06-17,58500,2026-07-09,put,758,0.473,22,201.0
2026-06-17,58625,2026-07-09,put,5,0.4715,22,207.0
2026-06-17,58750,2026-07-09,put,33,0.4709,22,215.0
2026-06-17,58875,2026-07-09,put,20,0.4673,22,217.0
2026-06-17,59000,2026-07-09,put,1332,0.4647,22,221.0
2026-06-17,59125,2026-07-09,put,3,0.4634,22,228.0
2026-06-17,59250,2026-07-09,put,6,0.4625,22,236.0
2026-06-17,59375,2026-07-09,put,3,0.4583,22,237.0
2026-06-17,59500,2026-07-09,put,1581,0.4568,22,244.0
2026-06-17,59625,2026-07-09,put,6,0.4535,22,247.0
2026-06-17,59750,2026-07-09,put,8,0.4527,22,256.0
2026-06-17,59875,2026-07-09,put,14,0.4506,22,262.0
2026-06-17,60000,2026-07-09,put,3302,0.445,22,260.0
2026-06-17,60125,2026-07-09,put,11,0.4465,22,275.0
2026-06-17,60250,2026-07-09,put,298,0.4442,22,281.0
2026-06-17,60375,2026-07-09,put,3,0.4414,22,286.0
2026-06-17,60500,2026-07-09,put,1442,0.4413,22,298.0
2026-06-17,60625,2026-07-09,put,103,0.4391,22,305.0
2026-06-17,60750,2026-07-09,put,37,0.4362,22,310.0
2026-06-17,60875,2026-07-09,put,105,0.435,22,320.0
2026-06-17,61000,2026-07-09,put,1053,0.4283,22,315.0
2026-06-17,61250,2026-07-09,put,226,0.4291,22,345.0
2026-06-17,61375,2026-07-09,put,2,0.4276,22,355.0
2026-06-17,61500,2026-07-09,put,1378,0.4243,22,360.0
2026-06-17,61625,2026-07-09,put,1,0.4226,22,370.0
2026-06-17,61750,2026-07-09,put,7,0.4209,22,380.0
2026-06-17,61875,2026-07-09,put,5,0.419,22,390.0
2026-06-17,62000,2026-07-09,put,2327,0.414,22,390.0
2026-06-17,62125,2026-07-09,put,41,0.4166,22,415.0
2026-06-17,62250,2026-07-09,put,162,0.416,22,430.0
2026-06-17,62375,2026-07-09,put,261,0.4152,22,445.0
2026-06-17,62500,2026-07-09,put,407,0.4129,22,455.0
2026-06-17,62625,2026-07-09,put,31,0.4133,22,475.0
2026-06-17,62750,2026-07-09,put,12,0.4094,22,480.0
2026-06-17,62875,2026-07-09,put,5165000,0.4096,22,500.0
2026-06-17,63000,2026-07-09,put,1414,0.4056,22,505.0
2026-06-17,63250,2026-07-09,put,3,0.4028,22,535.0
2026-06-17,63375,2026-07-09,put,51,0.4012,22,550.0
2026-06-17,63500,2026-07-09,put,300,0.3995,22,565.0
2026-06-17,63625,2026-07-09,put,13,0.3977,22,580.0
2026-06-17,63750,2026-07-09,put,9,0.397,22,600.0
2026-06-17,63875,2026-07-09,put,50,0.395,22,615.0
2026-06-17,64000,2026-07-09,put,1286,0.3941,22,635.0
2026-06-17,64125,2026-07-09,put,3940000,0.3919,22,650.0
2026-06-17,64250,2026-07-09,put,1,0.3908,22,670.0
2026-06-17,64375,2026-07-09,put,34,0.3884,22,685.0
2026-06-17,64500,2026-07-09,put,1011,0.3882,22,710.0
2026-06-17,64625,2026-07-09,put,192,0.3867,22,730.0
2026-06-17,64750,2026-07-09,put,11,0.3851,22,750.0
2026-06-17,64875,2026-07-09,put,11,0.3834,22,770.0
2026-06-17,65000,2026-07-09,put,2099,0.3764,22,765.0
2026-06-17,65125,2026-07-09,put,17,0.3806,22,815.0
2026-06-17,65250,2026-07-09,put,35,0.3796,22,840.0
2026-06-17,65375,2026-07-09,put,2480000,0.3785,22,865.0
2026-06-17,65500,2026-07-09,put,335,0.3762,22,885.0
2026-06-17,65625,2026-07-09,put,1,0.3758,22,915.0
2026-06-17,65750,2026-07-09,put,6,0.3742,22,940.0
2026-06-17,66000,2026-07-09,put,483,0.3672,22,970.0
2026-06-17,66250,2026-07-09,put,16,0.3661,22,1035.0
2026-06-17,66500,2026-07-09,put,1126,0.3574,22,1060.0
2026-06-17,66625,2026-07-09,put,2345000,0.3656,22,1145.0
2026-06-17,66750,2026-07-09,put,8,0.3614,22,1160.0
2026-06-17,66875,2026-07-09,put,51,0.3631,22,1210.0
2026-06-17,67000,2026-07-09,put,257,0.3545,22,1200.0
2026-06-17,67125,2026-07-09,put,13,0.3576,22,1260.0
2026-06-17,67250,2026-07-09,put,3,0.358,22,1305.0
2026-06-17,67375,2026-07-09,put,1375000,0.359,22,1355.0
2026-06-17,67500,2026-07-09,put,51,0.355,22,1375.0
2026-06-17,67625,2026-07-09,put,1,0.3533,22,1410.0
2026-06-17,67750,2026-07-09,put,19,0.3539,22,1460.0
2026-06-17,67875,2026-07-09,put,2,0.3559,22,1520.0
2026-06-17,68000,2026-07-09,put,176,0.3522,22,1545.0
2026-06-17,68250,2026-07-09,put,37,0.3507,22,1635.0
2026-06-17,68375,2026-07-09,put,10,0.3528,22,1700.0
2026-06-17,68500,2026-07-09,put,174,0.3493,22,1730.0
2026-06-17,68625,2026-07-09,put,1815000,0.3511,22,1795.0
2026-06-17,68750,2026-07-09,put,146,0.3497,22,1840.0
2026-06-17,68875,2026-07-09,put,17,0.3384,22,1820.0
2026-06-17,69000,2026-07-09,put,194,0.3464,22,1930.0
2026-06-17,69125,2026-07-09,put,2,0.3379,22,1930.0
2026-06-17,69250,2026-07-09,put,112,0.3366,22,1980.0
2026-06-17,69375,2026-07-09,put,8,0.3367,22,2040.0
2026-06-17,69500,2026-07-09,put,273,0.3352,22,2090.0
2026-06-17,69625,2026-07-09,put,24,0.3481,22,2240.0
2026-06-17,69750,2026-07-09,put,73,0.3353,22,2215.0
2026-06-17,69875,2026-07-09,put,24,0.3479,22,2365.0
2026-06-17,70000,2026-07-09,put,201,0.3545,22,2475.0
2026-06-17,71000,2026-07-09,put,2,0.3514,22,3010.0
2026-06-17,71125,2026-07-09,put,12640000,0.3516,22,3085.0
2026-06-17,71375,2026-07-09,put,13260000,0.3544,22,3255.0
2026-06-17,71500,2026-07-09,put,5,0.3534,22,3325.0
2026-06-17,74000,2026-07-09,put,6,0.3866,22,5245.0
2026-06-17,75000,2026-07-09,put,2,0.3998,22,6080.0
2026-06-17,20000,2026-08-13,put,235,1.0224,57,4.0
2026-06-17,22000,2026-08-13,put,11,0.9933,57,7.0
2026-06-17,24000,2026-08-13,put,22,0.9425,57,9.0
2026-06-17,25000,2026-08-13,put,4225,0.9253,57,11.0
2026-06-17,26000,2026-08-13,put,3,0.8991,57,12.0
2026-06-17,27000,2026-08-13,put,1,0.8732,57,13.0
2026-06-17,28000,2026-08-13,put,32,0.8536,57,15.0
2026-06-17,30000,2026-08-13,put,2415,0.8168,57,20.0
2026-06-17,31000,2026-08-13,put,2,0.799,57,23.0
2026-06-17,32000,2026-08-13,put,16,0.7769,57,25.0
2026-06-17,33000,2026-08-13,put,1,0.761,57,29.0
2026-06-17,34000,2026-08-13,put,2,0.7466,57,34.0
2026-06-17,35000,2026-08-13,put,262,0.7285,57,38.0
2026-06-17,36000,2026-08-13,put,50,0.7119,57,43.0
2026-06-17,37000,2026-08-13,put,33,0.6945,57,48.0
2026-06-17,37500,2026-08-13,put,50,0.6847,57,50.0
2026-06-17,38000,2026-08-13,put,1505,0.6798,57,55.0
2026-06-17,38500,2026-08-13,put,51,0.6712,57,58.0
2026-06-17,39000,2026-08-13,put,108,0.6611,57,60.0
2026-06-17,39500,2026-08-13,put,1,0.6537,57,64.0
2026-06-17,40000,2026-08-13,put,956,0.65,57,71.0
2026-06-17,40250,2026-08-13,put,6,0.6434,57,71.0
2026-06-17,40500,2026-08-13,put,1,0.6394,57,73.0
2026-06-17,40750,2026-08-13,put,3,0.6354,57,75.0
2026-06-17,41000,2026-08-13,put,100,0.6313,57,77.0
2026-06-17,41250,2026-08-13,put,25,0.6283,57,80.0
2026-06-17,41750,2026-08-13,put,20,0.6199,57,84.0
2026-06-17,42000,2026-08-13,put,440,0.6177,57,88.0
2026-06-17,42250,2026-08-13,put,1,0.6123,57,89.0
2026-06-17,42500,2026-08-13,put,25,0.6089,57,92.0
2026-06-17,42750,2026-08-13,put,36,0.6045,57,94.0
2026-06-17,43000,2026-08-13,put,109,0.5991,57,95.0
2026-06-17,43250,2026-08-13,put,7,0.5975,57,100.0
2026-06-17,43500,2026-08-13,put,4,0.5929,57,102.0
2026-06-17,43750,2026-08-13,put,10,0.5893,57,105.0
2026-06-17,44000,2026-08-13,put,158,0.5838,57,106.0
2026-06-17,44500,2026-08-13,put,200,0.5787,57,115.0
2026-06-17,45000,2026-08-13,put,489,0.5708,57,121.0
2026-06-17,45250,2026-08-13,put,100,0.5675,57,125.0
2026-06-17,45500,2026-08-13,put,150,0.5649,57,130.0
2026-06-17,45750,2026-08-13,put,14,0.56,57,132.0
2026-06-17,46000,2026-08-13,put,307,0.5551,57,134.0
2026-06-17,46250,2026-08-13,put,13,0.5523,57,139.0
2026-06-17,46500,2026-08-13,put,22,0.5487,57,143.0
2026-06-17,46750,2026-08-13,put,39,0.5431,57,144.0
2026-06-17,47000,2026-08-13,put,254,0.5401,57,149.0
2026-06-17,47250,2026-08-13,put,20,0.5363,57,153.0
2026-06-17,47500,2026-08-13,put,150,0.5343,57,160.0
2026-06-17,47750,2026-08-13,put,26,0.5298,57,163.0
2026-06-17,48000,2026-08-13,put,251,0.527,57,169.0
2026-06-17,48250,2026-08-13,put,18,0.523,57,173.0
2026-06-17,48500,2026-08-13,put,211,0.5194,57,178.0
2026-06-17,48750,2026-08-13,put,41,0.5164,57,184.0
2026-06-17,49000,2026-08-13,put,293,0.5127,57,189.0
2026-06-17,49250,2026-08-13,put,22,0.5095,57,195.0
2026-06-17,49500,2026-08-13,put,350,0.5061,57,201.0
2026-06-17,49750,2026-08-13,put,20,0.5009,57,203.0
2026-06-17,50000,2026-08-13,put,2217,0.4984,57,211.0
2026-06-17,50250,2026-08-13,put,29,0.4957,57,219.0
2026-06-17,50500,2026-08-13,put,111,0.493,57,227.0
2026-06-17,50750,2026-08-13,put,559,0.4893,57,233.0
2026-06-17,51000,2026-08-13,put,440,0.4859,57,240.0
2026-06-17,51250,2026-08-13,put,15,0.4857,57,255.0
2026-06-17,51500,2026-08-13,put,200,0.4794,57,255.0
2026-06-17,51750,2026-08-13,put,25,0.4766,57,264.0
2026-06-17,52000,2026-08-13,put,427,0.4729,57,271.0
2026-06-17,52250,2026-08-13,put,6,0.4673,57,273.0
2026-06-17,52500,2026-08-13,put,300,0.4643,57,282.0
2026-06-17,52750,2026-08-13,put,4,0.4632,57,297.0
2026-06-17,53000,2026-08-13,put,797,0.4629,57,315.0
2026-06-17,53250,2026-08-13,put,10,0.4565,57,315.0
2026-06-17,53500,2026-08-13,put,217,0.4565,57,335.0
2026-06-17,53750,2026-08-13,put,82,0.4501,57,335.0
2026-06-17,54000,2026-08-13,put,56,0.4498,57,355.0
2026-06-17,54250,2026-08-13,put,20,0.4434,57,355.0
2026-06-17,54500,2026-08-13,put,113,0.4428,57,375.0
2026-06-17,55000,2026-08-13,put,779,0.4368,57,400.0
2026-06-17,55250,2026-08-13,put,8,0.4342,57,415.0
2026-06-17,55500,2026-08-13,put,220,0.4316,57,430.0
2026-06-17,56000,2026-08-13,put,1588,0.426,57,460.0
2026-06-17,56250,2026-08-13,put,20,0.4218,57,470.0
2026-06-17,56500,2026-08-13,put,34,0.4198,57,490.0
2026-06-17,56750,2026-08-13,put,21,0.4166,57,505.0
2026-06-17,56875,2026-08-13,put,6,0.4133,57,505.0
2026-06-17,57000,2026-08-13,put,128,0.4122,57,515.0
2026-06-17,57250,2026-08-13,put,15,0.4109,57,540.0
2026-06-17,57375,2026-08-13,put,44,0.4108,57,555.0
2026-06-17,57500,2026-08-13,put,412,0.4084,57,560.0
2026-06-17,57875,2026-08-13,put,1,0.4054,57,595.0
2026-06-17,58000,2026-08-13,put,725,0.404,57,605.0
2026-06-17,58250,2026-08-13,put,5,0.4001,57,620.0
2026-06-17,58375,2026-08-13,put,5,0.4005,57,640.0
2026-06-17,58500,2026-08-13,put,18,0.3971,57,640.0
2026-06-17,58875,2026-08-13,put,13,0.3951,57,685.0
2026-06-17,59000,2026-08-13,put,456,0.3934,57,695.0
2026-06-17,59125,2026-08-13,put,24,0.3926,57,710.0
2026-06-17,59500,2026-08-13,put,472,0.3873,57,740.0
2026-06-17,60000,2026-08-13,put,616,0.3823,57,795.0
2026-06-17,60125,2026-08-13,put,110,0.3828,57,820.0
2026-06-17,60250,2026-08-13,put,5,0.38,57,825.0
2026-06-17,60375,2026-08-13,put,1,0.3803,57,850.0
2026-06-17,60500,2026-08-13,put,5,0.3775,57,855.0
2026-06-17,60625,2026-08-13,put,105,0.3777,57,880.0
2026-06-17,60750,2026-08-13,put,5,0.3749,57,885.0
2026-06-17,60875,2026-08-13,put,5,0.3758,57,915.0
2026-06-17,61000,2026-08-13,put,203,0.3728,57,920.0
2026-06-17,61125,2026-08-13,put,5,0.3736,57,950.0
2026-06-17,61250,2026-08-13,put,5,0.375,57,985.0
2026-06-17,61375,2026-08-13,put,5,0.3719,57,990.0
2026-06-17,61500,2026-08-13,put,140,0.3689,57,995.0
2026-06-17,61625,2026-08-13,put,10,0.3708,57,1035.0
2026-06-17,61750,2026-08-13,put,5,0.3698,57,1055.0
2026-06-17,61875,2026-08-13,put,44,0.3688,57,1075.0
2026-06-17,62000,2026-08-13,put,708,0.365,57,1075.0
2026-06-17,62125,2026-08-13,put,5,0.3666,57,1115.0
2026-06-17,62250,2026-08-13,put,5,0.3627,57,1115.0
2026-06-17,62375,2026-08-13,put,5,0.3642,57,1155.0
2026-06-17,62500,2026-08-13,put,1118,0.3609,57,1160.0
2026-06-17,62625,2026-08-13,put,2,0.3583,57,1170.0
2026-06-17,62750,2026-08-13,put,310,0.3622,57,1230.0
2026-06-17,62875,2026-08-13,put,5,0.3607,57,1250.0
2026-06-17,63000,2026-08-13,put,1328,0.3574,57,1255.0
2026-06-17,63500,2026-08-13,put,630,0.3519,57,1340.0
2026-06-17,64000,2026-08-13,put,1303,0.348,57,1445.0
2026-06-17,64500,2026-08-13,put,3,0.3445,57,1560.0
2026-06-17,65000,2026-08-13,put,532,0.3428,57,1700.0
2026-06-17,65500,2026-08-13,put,716,0.3402,57,1840.0
2026-06-17,66000,2026-08-13,put,2,0.3362,57,1975.0
2026-06-17,66500,2026-08-13,put,105,0.3303,57,2100.0
2026-06-17,66750,2026-08-13,put,12,0.3323,57,2215.0
2026-06-17,67000,2026-08-13,put,721,0.3271,57,2260.0
2026-06-17,67250,2026-08-13,put,5,0.3251,57,2340.0
2026-06-17,67500,2026-08-13,put,25,0.3215,57,2405.0
2026-06-17,67750,2026-08-13,put,11,0.3248,57,2545.0
2026-06-17,68000,2026-08-13,put,1,0.3212,57,2615.0
2026-06-17,68500,2026-08-13,put,25,0.3216,57,2845.0
2026-06-17,69000,2026-08-13,put,800,0.3164,57,3025.0
2026-06-17,69500,2026-08-13,put,22,0.314,57,3245.0
2026-06-17,70000,2026-08-13,put,56,0.3168,57,3535.0
2026-06-17,71000,2026-08-13,put,1,0.314,57,4055.0
2026-06-17,74000,2026-08-13,put,24420000,0.3122,57,5950.0
2026-06-17,20000,2026-09-10,put,806,0.9154,85,11.0
2026-06-17,22000,2026-09-10,put,3,0.885,85,17.0
2026-06-17,23000,2026-09-10,put,3,0.8668,85,20.0
2026-06-17,24000,2026-09-10,put,5,0.8475,85,23.0
2026-06-17,26000,2026-09-10,put,117,0.8134,85,31.0
2026-06-17,27000,2026-09-10,put,1,0.8002,85,37.0
2026-06-17,28000,2026-09-10,put,16,0.7762,85,39.0
2026-06-17,28750,2026-09-10,put,65,0.7597,85,41.0
2026-06-17,29000,2026-09-10,put,19,0.755,85,42.0
2026-06-17,30000,2026-09-10,put,3493,0.7319,85,44.0
2026-06-17,30500,2026-09-10,put,86,0.7185,85,44.0
2026-06-17,32000,2026-09-10,put,2,0.6907,85,50.0
2026-06-17,33000,2026-09-10,put,130,0.6768,85,57.0
2026-06-17,34000,2026-09-10,put,12,0.6634,85,65.0
2026-06-17,34750,2026-09-10,put,69,0.6527,85,71.0
2026-06-17,35000,2026-09-10,put,1067,0.6503,85,74.0
2026-06-17,35750,2026-09-10,put,50,0.639,85,80.0
2026-06-17,36000,2026-09-10,put,12,0.6351,85,82.0
2026-06-17,36750,2026-09-10,put,60,0.6255,85,90.0
2026-06-17,37000,2026-09-10,put,501,0.6215,85,92.0
2026-06-17,37500,2026-09-10,put,2,0.6153,85,98.0
2026-06-17,37750,2026-09-10,put,1,0.6121,85,101.0
2026-06-17,38000,2026-09-10,put,703,0.6089,85,104.0
2026-06-17,38500,2026-09-10,put,231,0.6023,85,110.0
2026-06-17,39000,2026-09-10,put,61,0.5954,85,116.0
2026-06-17,39250,2026-09-10,put,168,0.5927,85,120.0
2026-06-17,39500,2026-09-10,put,250,0.5892,85,123.0
2026-06-17,40000,2026-09-10,put,2303,0.591,85,142.0
2026-06-17,40250,2026-09-10,put,1,0.5871,85,145.0
2026-06-17,40500,2026-09-10,put,79,0.5826,85,147.0
2026-06-17,40750,2026-09-10,put,131,0.5825,85,156.0
2026-06-17,41000,2026-09-10,put,862,0.5773,85,157.0
2026-06-17,41500,2026-09-10,put,1,0.5682,85,161.0
2026-06-17,42000,2026-09-10,put,2335,0.5579,85,163.0
2026-06-17,43000,2026-09-10,put,907,0.5403,85,172.0
2026-06-17,43250,2026-09-10,put,60,0.5378,85,178.0
2026-06-17,43500,2026-09-10,put,548,0.5348,85,183.0
2026-06-17,44000,2026-09-10,put,1628,0.5296,85,195.0
2026-06-17,45000,2026-09-10,put,1835,0.5165,85,215.0
2026-06-17,45500,2026-09-10,put,1,0.511,85,228.0
2026-06-17,45750,2026-09-10,put,30,0.5084,85,235.0
2026-06-17,46000,2026-09-10,put,2190,0.5048,85,240.0
2026-06-17,46250,2026-09-10,put,1,0.5024,85,248.0
2026-06-17,46500,2026-09-10,put,340,0.5,85,256.0
2026-06-17,46750,2026-09-10,put,1,0.497,85,263.0
2026-06-17,47000,2026-09-10,put,515,0.4959,85,275.0
2026-06-17,47250,2026-09-10,put,1,0.4914,85,278.0
2026-06-17,47500,2026-09-10,put,1015,0.4886,85,286.0
2026-06-17,47750,2026-09-10,put,1,0.4858,85,294.0
2026-06-17,48000,2026-09-10,put,3254,0.4839,85,305.0
2026-06-17,48500,2026-09-10,put,640,0.4776,85,320.0
2026-06-17,49000,2026-09-10,put,1381,0.4726,85,340.0
2026-06-17,49750,2026-09-10,put,6,0.4645,85,370.0
2026-06-17,50000,2026-09-10,put,7366,0.4617,85,380.0
2026-06-17,50500,2026-09-10,put,850,0.4572,85,405.0
2026-06-17,50750,2026-09-10,put,30,0.4541,85,415.0
2026-06-17,51000,2026-09-10,put,912,0.4523,85,430.0
2026-06-17,51250,2026-09-10,put,230,0.4491,85,440.0
2026-06-17,52000,2026-09-10,put,1590,0.4393,85,470.0
2026-06-17,52250,2026-09-10,put,37,0.4392,85,495.0
2026-06-17,52500,2026-09-10,put,12,0.4368,85,510.0
2026-06-17,52750,2026-09-10,put,3,0.4344,85,525.0
2026-06-17,53000,2026-09-10,put,1449,0.4318,85,540.0
2026-06-17,53250,2026-09-10,put,7,0.4261,85,540.0
2026-06-17,53500,2026-09-10,put,277,0.4274,85,575.0
2026-06-17,53750,2026-09-10,put,75,0.4226,85,580.0
2026-06-17,54000,2026-09-10,put,2506,0.4227,85,610.0
2026-06-17,54250,2026-09-10,put,1,0.4178,85,615.0
2026-06-17,54500,2026-09-10,put,26,0.4166,85,640.0
2026-06-17,54750,2026-09-10,put,210,0.4162,85,670.0
2026-06-17,55000,2026-09-10,put,2191,0.4121,85,680.0
2026-06-17,55250,2026-09-10,put,1,0.414,85,725.0
2026-06-17,55500,2026-09-10,put,300,0.413,85,755.0
2026-06-17,56000,2026-09-10,put,1623,0.4028,85,765.0
2026-06-17,56250,2026-09-10,put,1,0.4085,85,840.0
2026-06-17,56500,2026-09-10,put,56,0.407,85,870.0
2026-06-17,57000,2026-09-10,put,2663,0.4037,85,930.0
2026-06-17,57250,2026-09-10,put,6,0.4032,85,970.0
2026-06-17,57500,2026-09-10,put,384,0.3977,85,975.0
2026-06-17,57750,2026-09-10,put,100,0.3923,85,980.0
2026-06-17,58000,2026-09-10,put,1569,0.3861,85,980.0
2026-06-17,58250,2026-09-10,put,6,0.382,85,995.0
2026-06-17,58500,2026-09-10,put,203,0.3791,85,1020.0
2026-06-17,59000,2026-09-10,put,1161,0.3757,85,1090.0
2026-06-17,59500,2026-09-10,put,8,0.3705,85,1150.0
2026-06-17,60000,2026-09-10,put,3316,0.3673,85,1230.0
2026-06-17,60500,2026-09-10,put,1,0.3636,85,1310.0
2026-06-17,60750,2026-09-10,put,120,0.3665,85,1395.0
2026-06-17,61000,2026-09-10,put,715,0.3599,85,1395.0
2026-06-17,62000,2026-09-10,put,1302,0.3531,85,1585.0
2026-06-17,62500,2026-09-10,put,560,0.3499,85,1690.0
2026-06-17,62750,2026-09-10,put,6,0.3483,85,1745.0
2026-06-17,63000,2026-09-10,put,1360,0.3462,85,1795.0
2026-06-17,63500,2026-09-10,put,10,0.3433,85,1915.0
2026-06-17,64000,2026-09-10,put,1310,0.3398,85,2035.0
2026-06-17,64500,2026-09-10,put,200,0.3375,85,2175.0
2026-06-17,65000,2026-09-10,put,840,0.3341,85,2310.0
2026-06-17,65250,2026-09-10,put,40,0.3333,85,2390.0
2026-06-17,65500,2026-09-10,put,275,0.3319,85,2465.0
2026-06-17,66000,2026-09-10,put,1100,0.3286,85,2615.0
2026-06-17,67000,2026-09-10,put,650,0.3237,85,2960.0
2026-06-17,68000,2026-09-10,put,186,0.319,85,3340.0
2026-06-17,69000,2026-09-10,put,100,0.3154,85,3770.0
2026-06-17,69250,2026-09-10,put,62225000,0.3166,85,3910.0
2026-06-17,69500,2026-09-10,put,50,0.3175,85,4050.0
2026-06-17,69750,2026-09-10,put,2,0.3145,85,4140.0
2026-06-17,70000,2026-09-10,put,440,0.3151,85,4280.0
2026-06-17,75000,2026-09-10,put,1,0.3132,85,7365.0
2026-06-17,25000,2026-10-08,put,3,0.7116,113,24.0
2026-06-17,30000,2026-10-08,put,1,0.6275,113,40.0
2026-06-17,35000,2026-10-08,put,1,0.5741,113,84.0
2026-06-17,40000,2026-10-08,put,1,0.5228,113,160.0
2026-06-17,43750,2026-10-08,put,9,0.4868,113,252.0
2026-06-17,45000,2026-10-08,put,119,0.4749,113,291.0
2026-06-17,45500,2026-10-08,put,167,0.4739,113,320.0
2026-06-17,46000,2026-10-08,put,150,0.4667,113,330.0
2026-06-17,46500,2026-10-08,put,43,0.4623,113,350.0
2026-06-17,46750,2026-10-08,put,31,0.46,113,360.0
2026-06-17,47000,2026-10-08,put,75,0.4576,113,370.0
2026-06-17,48000,2026-10-08,put,15,0.4487,113,415.0
2026-06-17,49000,2026-10-08,put,6,0.44,113,465.0
2026-06-17,50000,2026-10-08,put,201,0.4343,113,535.0
2026-06-17,50500,2026-10-08,put,4,0.4337,113,585.0
2026-06-17,54000,2026-10-08,put,75,0.4118,113,910.0
2026-06-17,55000,2026-10-08,put,300,0.4041,113,1015.0
2026-06-17,55250,2026-10-08,put,31,0.4018,113,1040.0
2026-06-17,56500,2026-10-08,put,4,0.3882,113,1155.0
2026-06-17,57500,2026-10-08,put,3,0.3777,113,1260.0
2026-06-17,58000,2026-10-08,put,600,0.3735,113,1325.0
2026-06-17,59000,2026-10-08,put,25,0.368,113,1495.0
2026-06-17,60000,2026-10-08,put,102,0.3614,113,1670.0
2026-06-17,60500,2026-10-08,put,100,0.3586,113,1770.0
2026-06-17,61000,2026-10-08,put,200,0.3568,113,1885.0
2026-06-17,64750,2026-10-08,put,1,0.3376,113,2865.0
2026-06-17,68000,2026-10-08,put,300,0.3231,113,4035.0
2026-06-17,68500,2026-10-08,put,2,0.3217,113,4255.0
2026-06-17,70500,2026-10-08,put,5165000,0.3147,113,5190.0
2026-06-17,70750,2026-10-08,put,10340000,0.3144,113,5325.0
2026-06-17,71000,2026-10-08,put,10735000,0.314,113,5460.0
2026-06-17,38000,2026-11-12,put,1,0.5114,148,197.0
2026-06-17,40000,2026-11-12,put,1,0.4937,148,249.0
2026-06-17,51000,2026-11-12,put,80,0.4054,148,820.0
2026-06-17,53000,2026-11-12,put,55,0.3919,148,1015.0
2026-06-17,59500,2026-11-12,put,250,0.3554,148,2030.0
2026-06-17,60000,2026-11-12,put,100,0.3516,148,2120.0
2026-06-17,60500,2026-11-12,put,100,0.3501,148,2245.0
2026-06-17,61000,2026-11-12,put,200,0.3464,148,2345.0
2026-06-17,64000,2026-11-12,put,500,0.3325,148,3165.0
2026-06-17,66000,2026-11-12,put,150,0.3261,148,3870.0
2026-06-17,67000,2026-11-12,put,300,0.3211,148,4230.0
2026-06-17,12500,2026-12-10,put,199,0.8698,176,11.0
2026-06-17,13000,2026-12-10,put,4,0.8501,176,11.0
2026-06-17,13500,2026-12-10,put,100,0.8312,176,11.0
2026-06-17,14000,2026-12-10,put,11,0.813,176,11.0
2026-06-17,14500,2026-12-10,put,1,0.7955,176,11.0
2026-06-17,14750,2026-12-10,put,1,0.787,176,11.0
2026-06-17,15000,2026-12-10,put,5,0.7786,176,11.0
2026-06-17,16000,2026-12-10,put,3,0.7527,176,12.0
2026-06-17,17000,2026-12-10,put,3,0.7224,176,12.0
2026-06-17,18000,2026-12-10,put,153,0.6993,176,13.0
2026-06-17,19000,2026-12-10,put,650,0.6817,176,15.0
2026-06-17,20000,2026-12-10,put,2350,0.6599,176,16.0
2026-06-17,21000,2026-12-10,put,350,0.6427,176,18.0
2026-06-17,21500,2026-12-10,put,500,0.6375,176,20.0
2026-06-17,22000,2026-12-10,put,1715,0.6288,176,21.0
2026-06-17,22500,2026-12-10,put,154,0.6201,176,22.0
2026-06-17,23000,2026-12-10,put,2104,0.6143,176,24.0
2026-06-17,23500,2026-12-10,put,127,0.6082,176,26.0
2026-06-17,24000,2026-12-10,put,400,0.6019,176,28.0
2026-06-17,24500,2026-12-10,put,250,0.5954,176,30.0
2026-06-17,24750,2026-12-10,put,1,0.5921,176,31.0
2026-06-17,25000,2026-12-10,put,2464,0.5888,176,32.0
2026-06-17,25250,2026-12-10,put,1,0.5874,176,34.0
2026-06-17,25500,2026-12-10,put,2,0.584,176,35.0
2026-06-17,26000,2026-12-10,put,1425,0.5789,176,38.0
2026-06-17,26500,2026-12-10,put,1,0.5735,176,41.0
2026-06-17,27000,2026-12-10,put,2630,0.5679,176,44.0
2026-06-17,27500,2026-12-10,put,25,0.5635,176,48.0
2026-06-17,27750,2026-12-10,put,72,0.5612,176,50.0
2026-06-17,28000,2026-12-10,put,1426,0.5588,176,52.0
2026-06-17,28500,2026-12-10,put,400,0.5551,176,57.0
2026-06-17,29000,2026-12-10,put,1450,0.551,176,62.0
2026-06-17,30000,2026-12-10,put,5997,0.5428,176,73.0
2026-06-17,30500,2026-12-10,put,51,0.5397,176,80.0
2026-06-17,31000,2026-12-10,put,2257,0.5352,176,86.0
2026-06-17,31500,2026-12-10,put,350,0.5313,176,93.0
2026-06-17,32000,2026-12-10,put,4655,0.5279,176,101.0
2026-06-17,32250,2026-12-10,put,600,0.5261,176,105.0
2026-06-17,32500,2026-12-10,put,900,0.5234,176,108.0
2026-06-17,32750,2026-12-10,put,20,0.5221,176,113.0
2026-06-17,33000,2026-12-10,put,3362,0.52,176,117.0
2026-06-17,33250,2026-12-10,put,37,0.5179,176,121.0
2026-06-17,33500,2026-12-10,put,72,0.5163,176,126.0
2026-06-17,34000,2026-12-10,put,2820,0.5123,176,135.0
2026-06-17,34500,2026-12-10,put,560,0.5085,176,145.0
2026-06-17,35000,2026-12-10,put,4991,0.5045,176,155.0
2026-06-17,36000,2026-12-10,put,2935,0.4972,176,178.0
2026-06-17,36500,2026-12-10,put,225,0.4933,176,190.0
2026-06-17,36750,2026-12-10,put,400,0.4918,176,197.0
2026-06-17,37000,2026-12-10,put,2537,0.4897,176,203.0
2026-06-17,37500,2026-12-10,put,188,0.4861,176,217.0
2026-06-17,37750,2026-12-10,put,100,0.4843,176,224.0
2026-06-17,38000,2026-12-10,put,2686,0.4823,176,231.0
2026-06-17,38500,2026-12-10,put,1150,0.4786,176,246.0
2026-06-17,38750,2026-12-10,put,50,0.4769,176,254.0
2026-06-17,39000,2026-12-10,put,2505,0.475,176,262.0
2026-06-17,39250,2026-12-10,put,650,0.4732,176,270.0
2026-06-17,39500,2026-12-10,put,1008,0.4715,176,279.0
2026-06-17,40000,2026-12-10,put,6002,0.4677,176,296.0
2026-06-17,40250,2026-12-10,put,5,0.4659,176,305.0
2026-06-17,40500,2026-12-10,put,1469,0.4643,176,315.0
2026-06-17,41000,2026-12-10,put,1825,0.4609,176,335.0
2026-06-17,41250,2026-12-10,put,3,0.4591,176,345.0
2026-06-17,41500,2026-12-10,put,101,0.4573,176,355.0
2026-06-17,42000,2026-12-10,put,3879,0.4546,176,380.0
2026-06-17,42500,2026-12-10,put,300,0.4505,176,400.0
2026-06-17,43000,2026-12-10,put,1690,0.4473,176,425.0
2026-06-17,43500,2026-12-10,put,100,0.4439,176,450.0
2026-06-17,43750,2026-12-10,put,2,0.4416,176,460.0
2026-06-17,44000,2026-12-10,put,3390,0.4402,176,475.0
2026-06-17,45000,2026-12-10,put,3345,0.4332,176,530.0
2026-06-17,45250,2026-12-10,put,51,0.4325,176,550.0
2026-06-17,45500,2026-12-10,put,350,0.4317,176,570.0
2026-06-17,46000,2026-12-10,put,3657,0.4297,176,610.0
2026-06-17,47000,2026-12-10,put,2846,0.4224,176,675.0
2026-06-17,47500,2026-12-10,put,1077,0.4188,176,710.0
2026-06-17,48000,2026-12-10,put,4160,0.4158,176,750.0
2026-06-17,48500,2026-12-10,put,300,0.4118,176,785.0
2026-06-17,49000,2026-12-10,put,3207,0.409,176,830.0
2026-06-17,49500,2026-12-10,put,2717,0.4059,176,875.0
2026-06-17,50000,2026-12-10,put,6388,0.4038,176,930.0
2026-06-17,50250,2026-12-10,put,16,0.4036,176,965.0
2026-06-17,50500,2026-12-10,put,640,0.4032,176,1000.0
2026-06-17,50750,2026-12-10,put,45,0.4016,176,1025.0
2026-06-17,51000,2026-12-10,put,1900,0.3993,176,1045.0
2026-06-17,52000,2026-12-10,put,2275,0.3926,176,1150.0
2026-06-17,52250,2026-12-10,put,525,0.3907,176,1175.0
2026-06-17,52500,2026-12-10,put,117,0.3892,176,1205.0
2026-06-17,53000,2026-12-10,put,1398,0.3865,176,1270.0
2026-06-17,53250,2026-12-10,put,186,0.3854,176,1305.0
2026-06-17,53500,2026-12-10,put,205,0.3841,176,1340.0
2026-06-17,53750,2026-12-10,put,4,0.3828,176,1375.0
2026-06-17,54000,2026-12-10,put,2345,0.3819,176,1415.0
2026-06-17,54500,2026-12-10,put,440,0.3729,176,1420.0
2026-06-17,55000,2026-12-10,put,2253,0.3689,176,1480.0
2026-06-17,55500,2026-12-10,put,100,0.367,176,1565.0
2026-06-17,56000,2026-12-10,put,1826,0.3635,176,1635.0
2026-06-17,56500,2026-12-10,put,151,0.3614,176,1725.0
2026-06-17,57000,2026-12-10,put,1115,0.3598,176,1825.0
2026-06-17,57500,2026-12-10,put,850,0.3559,176,1900.0
2026-06-17,58000,2026-12-10,put,1400,0.3545,176,2010.0
2026-06-17,58500,2026-12-10,put,450,0.3519,176,2110.0
2026-06-17,59000,2026-12-10,put,1480,0.3488,176,2205.0
2026-06-17,59500,2026-12-10,put,250,0.3468,176,2320.0
2026-06-17,60000,2026-12-10,put,3574,0.3442,176,2430.0
2026-06-17,61000,2026-12-10,put,1150,0.3387,176,2660.0
2026-06-17,61500,2026-12-10,put,2,0.3368,176,2795.0
2026-06-17,62000,2026-12-10,put,2025,0.334,176,2920.0
2026-06-17,62250,2026-12-10,put,300,0.3333,176,2995.0
2026-06-17,62500,2026-12-10,put,384,0.3313,176,3050.0
2026-06-17,63000,2026-12-10,put,1175,0.3297,176,3205.0
2026-06-17,63750,2026-12-10,put,25,0.327,176,3440.0
2026-06-17,64000,2026-12-10,put,955,0.3257,176,3515.0
2026-06-17,65000,2026-12-10,put,2466,0.3221,176,3855.0
2026-06-17,66000,2026-12-10,put,100,0.3181,176,4210.0
2026-06-17,67000,2026-12-10,put,100,0.3157,176,4620.0
2026-06-17,67250,2026-12-10,put,25,0.3151,176,4725.0
2026-06-17,67500,2026-12-10,put,25,0.3143,176,4830.0
2026-06-17,68000,2026-12-10,put,400,0.3129,176,5045.0
2026-06-17,68750,2026-12-10,put,100,0.311,176,5385.0
2026-06-17,69000,2026-12-10,put,1120,0.3102,176,5500.0
2026-06-17,69500,2026-12-10,put,5785000,0.3088,176,5735.0
2026-06-17,69750,2026-12-10,put,29150000,0.3081,176,5855.0
2026-06-17,70000,2026-12-10,put,1077,0.3053,176,5935.0
2026-06-17,70250,2026-12-10,put,12130000,0.3044,176,6055.0
2026-06-17,70500,2026-12-10,put,62500000,0.3042,176,6190.0
2026-06-17,70750,2026-12-10,put,95885000,0.3037,176,6320.0
2026-06-17,71000,2026-12-10,put,1,0.3028,176,6445.0
2026-06-17,72000,2026-12-10,put,84385000,0.3014,176,7000.0
2026-06-17,72500,2026-12-10,put,36790000,0.3005,176,7285.0
2026-06-17,73000,2026-12-10,put,7580000,0.2999,176,7580.0
2026-06-17,48000,2027-01-07,put,200,0.4053,204,895.0
2026-06-17,47000,2027-02-10,put,125,0.4052,238,1010.0
2026-06-17,29000,2027-03-11,put,1,0.5378,267,216.0
2026-06-17,33000,2027-03-11,put,113,0.5012,267,325.0
2026-06-17,35000,2027-03-11,put,600,0.4831,267,390.0
2026-06-17,37000,2027-03-11,put,500,0.4668,267,470.0
2026-06-17,38000,2027-03-11,put,265,0.4589,267,515.0
2026-06-17,40000,2027-03-11,put,470,0.4425,267,610.0
2026-06-17,41000,2027-03-11,put,250,0.4349,267,665.0
2026-06-17,42000,2027-03-11,put,749,0.4275,267,725.0
2026-06-17,42500,2027-03-11,put,200,0.4236,267,755.0
2026-06-17,43000,2027-03-11,put,34,0.4203,267,790.0
2026-06-17,43500,2027-03-11,put,66,0.4168,267,825.0
2026-06-17,44000,2027-03-11,put,525,0.4138,267,865.0
2026-06-17,45000,2027-03-11,put,665,0.4067,267,940.0
2026-06-17,46000,2027-03-11,put,116,0.3997,267,1020.0
2026-06-17,47000,2027-03-11,put,900,0.3937,267,1115.0
2026-06-17,48000,2027-03-11,put,299,0.3871,267,1210.0
2026-06-17,48500,2027-03-11,put,51,0.3834,267,1255.0
2026-06-17,49000,2027-03-11,put,100,0.379,267,1295.0
2026-06-17,50000,2027-03-11,put,1270,0.3736,267,1415.0
2026-06-17,50250,2027-03-11,put,108,0.3726,267,1450.0
2026-06-17,51000,2027-03-11,put,24,0.37,267,1565.0
2026-06-17,51250,2027-03-11,put,105,0.3687,267,1600.0
2026-06-17,52000,2027-03-11,put,1220,0.3647,267,1705.0
2026-06-17,53000,2027-03-11,put,475,0.3598,267,1860.0
2026-06-17,53500,2027-03-11,put,200,0.3565,267,1930.0
2026-06-17,54000,2027-03-11,put,224,0.3548,267,2025.0
2026-06-17,55000,2027-03-11,put,400,0.3498,267,2200.0
2026-06-17,55500,2027-03-11,put,100,0.3472,267,2290.0
2026-06-17,56000,2027-03-11,put,315,0.3454,267,2395.0
2026-06-17,56250,2027-03-11,put,120,0.3436,267,2435.0
2026-06-17,57000,2027-03-11,put,425,0.3407,267,2600.0
2026-06-17,58000,2027-03-11,put,1100,0.3362,267,2820.0
2026-06-17,59500,2027-03-11,put,203,0.3302,267,3190.0
2026-06-17,60000,2027-03-11,put,950,0.3281,267,3320.0
2026-06-17,61000,2027-03-11,put,160,0.3244,267,3600.0
2026-06-17,62000,2027-03-11,put,200,0.3208,267,3900.0
2026-06-17,63000,2027-03-11,put,492,0.3171,267,4215.0
2026-06-17,64000,2027-03-11,put,450,0.314,267,4560.0
2026-06-17,66500,2027-03-11,put,6,0.3063,267,5510.0
2026-06-17,68000,2027-03-11,put,100,0.3027,267,6165.0
2026-06-17,69000,2027-03-11,put,100,0.3004,267,6630.0
2026-06-17,12500,2027-06-10,put,7,0.5033,358,1.0
2026-06-17,14500,2027-06-10,put,4,0.499,358,3.0
2026-06-17,15000,2027-06-10,put,1,0.4884,358,3.0
2026-06-17,16250,2027-06-10,put,167,0.4906,358,6.0
2026-06-17,23000,2027-06-10,put,140,0.4891,358,70.0
2026-06-17,24000,2027-06-10,put,100,0.4889,358,92.0
2026-06-17,25000,2027-06-10,put,250,0.4889,358,119.0
2026-06-17,26000,2027-06-10,put,200,0.489,358,152.0
2026-06-17,28000,2027-06-10,put,895,0.4891,358,237.0
2026-06-17,28500,2027-06-10,put,100,0.4855,358,252.0
2026-06-17,29000,2027-06-10,put,66,0.4818,358,267.0
2026-06-17,30000,2027-06-10,put,275,0.4745,358,299.0
2026-06-17,31000,2027-06-10,put,100,0.4676,358,335.0
2026-06-17,31500,2027-06-10,put,1,0.4645,358,355.0
2026-06-17,32000,2027-06-10,put,250,0.4611,358,375.0
2026-06-17,33000,2027-06-10,put,150,0.454,358,415.0
2026-06-17,34000,2027-06-10,put,750,0.4474,358,460.0
2026-06-17,35000,2027-06-10,put,1327,0.4411,358,510.0
2026-06-17,35500,2027-06-10,put,145,0.4377,358,535.0
2026-06-17,36000,2027-06-10,put,300,0.4342,358,560.0
2026-06-17,37000,2027-06-10,put,50,0.4285,358,620.0
2026-06-17,38000,2027-06-10,put,200,0.4222,358,680.0
2026-06-17,38500,2027-06-10,put,140,0.4188,358,710.0
2026-06-17,39000,2027-06-10,put,50,0.416,358,745.0
2026-06-17,39500,2027-06-10,put,101,0.413,358,780.0
2026-06-17,40000,2027-06-10,put,1095,0.4099,358,815.0
2026-06-17,41000,2027-06-10,put,100,0.4046,358,895.0
2026-06-17,42000,2027-06-10,put,300,0.3986,358,975.0
2026-06-17,42500,2027-06-10,put,61,0.396,358,1020.0
2026-06-17,43000,2027-06-10,put,35,0.3932,358,1065.0
2026-06-17,44000,2027-06-10,put,196,0.3882,358,1165.0
2026-06-17,45000,2027-06-10,put,720,0.3831,358,1270.0
2026-06-17,46000,2027-06-10,put,773,0.3778,358,1380.0
2026-06-17,47000,2027-06-10,put,201,0.3728,358,1500.0
2026-06-17,47750,2027-06-10,put,100,0.3691,358,1595.0
2026-06-17,48000,2027-06-10,put,804,0.368,358,1630.0
2026-06-17,49000,2027-06-10,put,200,0.3634,358,1770.0
2026-06-17,50000,2027-06-10,put,1300,0.3589,358,1920.0
2026-06-17,50500,2027-06-10,put,175,0.3564,358,1995.0
2026-06-17,51250,2027-06-10,put,3,0.3532,358,2120.0
2026-06-17,52000,2027-06-10,put,1050,0.3497,358,2245.0
2026-06-17,52250,2027-06-10,put,89,0.3486,358,2290.0
2026-06-17,52500,2027-06-10,put,57,0.3475,358,2335.0
2026-06-17,53000,2027-06-10,put,720,0.3455,358,2430.0
2026-06-17,53500,2027-06-10,put,1,0.3434,358,2525.0
2026-06-17,53750,2027-06-10,put,35,0.3424,358,2575.0
2026-06-17,54000,2027-06-10,put,1400,0.3414,358,2625.0
2026-06-17,55000,2027-06-10,put,1250,0.3371,358,2830.0
2026-06-17,56000,2027-06-10,put,175,0.3333,358,3055.0
2026-06-17,57000,2027-06-10,put,675,0.3294,358,3290.0
2026-06-17,57750,2027-06-10,put,103,0.3267,358,3480.0
2026-06-17,58000,2027-06-10,put,100,0.3258,358,3545.0
2026-06-17,59000,2027-06-10,put,400,0.3225,358,3820.0
2026-06-17,60000,2027-06-10,put,700,0.319,358,4105.0
2026-06-17,61000,2027-06-10,put,3,0.3158,358,4410.0
2026-06-17,62000,2027-06-10,put,445,0.3129,358,4740.0
2026-06-17,63000,2027-06-10,put,200,0.31,358,5085.0
2026-06-17,64000,2027-06-10,put,150,0.3072,358,5450.0
2026-06-17,64750,2027-06-10,put,95,0.3053,358,5740.0
2026-06-17,65000,2027-06-10,put,386,0.3047,358,5840.0
2026-06-17,65500,2027-06-10,put,26,0.3034,358,6040.0
2026-06-17,67000,2027-06-10,put,330,0.2999,358,6680.0
2026-06-17,68000,2027-06-10,put,300,0.2977,358,7130.0
2026-06-17,70000,2027-06-10,put,210,0.2943,358,8115.0
2026-06-17,54250,2027-09-09,put,200,0.3279,449,3165.0
2026-06-17,58000,2027-09-09,put,1,0.315,449,4110.0
2026-06-17,68250,2027-09-09,put,200,0.2884,449,7930.0
2026-06-17,12500,2027-12-09,put,1,0.4547,540,4.0
2026-06-17,13000,2027-12-09,put,1,0.4527,540,5.0
2026-06-17,16000,2027-12-09,put,350,0.445,540,17.0
2026-06-17,19000,2027-12-09,put,300,0.4455,540,51.0
2026-06-17,20000,2027-12-09,put,400,0.4451,540,69.0
2026-06-17,21000,2027-12-09,put,50,0.4452,540,92.0
2026-06-17,22000,2027-12-09,put,405,0.4446,540,119.0
2026-06-17,22500,2027-12-09,put,36,0.4446,540,135.0
2026-06-17,23000,2027-12-09,put,132,0.4447,540,153.0
2026-06-17,23750,2027-12-09,put,39,0.4449,540,183.0
2026-06-17,24000,2027-12-09,put,1721,0.4447,540,193.0
2026-06-17,25000,2027-12-09,put,1210,0.4449,540,241.0
2026-06-17,26000,2027-12-09,put,200,0.4445,540,295.0
2026-06-17,26500,2027-12-09,put,100,0.4456,540,330.0
2026-06-17,27000,2027-12-09,put,1300,0.4449,540,360.0
2026-06-17,28000,2027-12-09,put,1575,0.4454,540,435.0
2026-06-17,29000,2027-12-09,put,350,0.4386,540,480.0
2026-06-17,29500,2027-12-09,put,249,0.4355,540,505.0
2026-06-17,30000,2027-12-09,put,2445,0.4322,540,530.0
2026-06-17,31000,2027-12-09,put,1750,0.4262,540,585.0
2026-06-17,31500,2027-12-09,put,204,0.4234,540,615.0
2026-06-17,32000,2027-12-09,put,1425,0.4198,540,640.0
2026-06-17,32250,2027-12-09,put,30,0.4183,540,655.0
2026-06-17,32750,2027-12-09,put,35,0.4159,540,690.0
2026-06-17,33000,2027-12-09,put,450,0.4143,540,705.0
2026-06-17,34000,2027-12-09,put,1569,0.4084,540,770.0
2026-06-17,34500,2027-12-09,put,100,0.4056,540,805.0
2026-06-17,35000,2027-12-09,put,1450,0.4027,540,840.0
2026-06-17,35500,2027-12-09,put,40,0.4002,540,880.0
2026-06-17,36000,2027-12-09,put,1130,0.3977,540,920.0
2026-06-17,36500,2027-12-09,put,300,0.395,540,960.0
2026-06-17,37000,2027-12-09,put,1150,0.3922,540,1000.0
2026-06-17,38000,2027-12-09,put,1175,0.3872,540,1090.0
2026-06-17,39000,2027-12-09,put,800,0.3823,540,1185.0
2026-06-17,39500,2027-12-09,put,50,0.3799,540,1235.0
2026-06-17,40000,2027-12-09,put,1750,0.3774,540,1285.0
2026-06-17,40500,2027-12-09,put,450,0.3752,540,1340.0
2026-06-17,42000,2027-12-09,put,450,0.3679,540,1505.0
2026-06-17,43000,2027-12-09,put,240,0.3636,540,1630.0
2026-06-17,44000,2027-12-09,put,100,0.3592,540,1760.0
2026-06-17,45000,2027-12-09,put,1675,0.355,540,1900.0
2026-06-17,46000,2027-12-09,put,700,0.3507,540,2045.0
2026-06-17,47000,2027-12-09,put,250,0.3466,540,2200.0
2026-06-17,47500,2027-12-09,put,35,0.3448,540,2285.0
2026-06-17,48000,2027-12-09,put,615,0.3428,540,2370.0
2026-06-17,49000,2027-12-09,put,700,0.3389,540,2545.0
2026-06-17,50000,2027-12-09,put,2140,0.335,540,2730.0
2026-06-17,51000,2027-12-09,put,350,0.3314,540,2930.0
2026-06-17,52000,2027-12-09,put,500,0.3279,540,3140.0
2026-06-17,53000,2027-12-09,put,802,0.3243,540,3360.0
2026-06-17,54000,2027-12-09,put,275,0.321,540,3595.0
2026-06-17,54500,2027-12-09,put,400,0.3193,540,3715.0
2026-06-17,55000,2027-12-09,put,862,0.3176,540,3840.0
2026-06-17,55500,2027-12-09,put,75,0.3161,540,3970.0
2026-06-17,56000,2027-12-09,put,230,0.3146,540,4105.0
2026-06-17,57000,2027-12-09,put,220,0.3115,540,4380.0
2026-06-17,58000,2027-12-09,put,300,0.3087,540,4675.0
2026-06-17,58500,2027-12-09,put,210,0.3072,540,4825.0
2026-06-17,59000,2027-12-09,put,65,0.3058,540,4980.0
2026-06-17,60000,2027-12-09,put,100,0.3031,540,5305.0
2026-06-17,62000,2027-12-09,put,100,0.2979,540,6000.0
2026-06-17,63000,2027-12-09,put,100,0.2956,540,6375.0
2026-06-17,63500,2027-12-09,put,50,0.2944,540,6570.0
2026-06-17,64000,2027-12-09,put,130,0.2934,540,6770.0
2026-06-17,65000,2027-12-09,put,200,0.2912,540,7180.0
2026-06-17,66000,2027-12-09,put,100,0.2892,540,7610.0
2026-06-17,69000,2027-12-09,put,700,0.2836,540,9010.0
2026-06-17,75000,2027-12-09,put,175,0.2759,540,12340.0
2026-06-17,15000,2028-06-08,put,3,0.3848,722,11.0
2026-06-17,25000,2028-06-08,put,630,0.3827,722,233.0
2026-06-17,26000,2028-06-08,put,250,0.3827,722,287.0
2026-06-17,27000,2028-06-08,put,100,0.3829,722,350.0
2026-06-17,30000,2028-06-08,put,300,0.3784,722,560.0
2026-06-17,32000,2028-06-08,put,250,0.37,722,695.0
2026-06-17,33000,2028-06-08,put,100,0.366,722,770.0
2026-06-17,35000,2028-06-08,put,200,0.3583,722,940.0
2026-06-17,41500,2028-06-08,put,100,0.3349,722,1670.0
2026-06-17,45000,2028-06-08,put,15,0.3239,722,2210.0
2026-06-17,48000,2028-06-08,put,300,0.3148,722,2760.0
2026-06-17,50000,2028-06-08,put,150,0.3094,722,3185.0
2026-06-17,54000,2028-06-08,put,100,0.299,722,4175.0
2026-06-17,60000,2028-06-08,put,250,0.2856,722,6065.0
2026-06-17,12000,2028-12-07,put,300,0.3724,904,6.0
2026-06-17,16000,2028-12-07,put,1950,0.3717,904,35.0
2026-06-17,18000,2028-12-07,put,100,0.3707,904,67.0
2026-06-17,20000,2028-12-07,put,200,0.3704,904,118.0
2026-06-17,23000,2028-12-07,put,100,0.37,904,241.0
2026-06-17,23500,2028-12-07,put,38,0.37,904,268.0
2026-06-17,24000,2028-12-07,put,1000,0.3699,904,297.0
2026-06-17,25000,2028-12-07,put,800,0.3705,904,365.0
2026-06-17,27000,2028-12-07,put,120,0.37,904,520.0
2026-06-17,28000,2028-12-07,put,1250,0.3701,904,615.0
2026-06-17,30000,2028-12-07,put,250,0.3658,904,795.0
2026-06-17,31000,2028-12-07,put,400,0.3615,904,875.0
2026-06-17,32000,2028-12-07,put,850,0.3578,904,965.0
2026-06-17,32250,2028-12-07,put,51,0.357,904,990.0
2026-06-17,33000,2028-12-07,put,125,0.354,904,1060.0
2026-06-17,34000,2028-12-07,put,775,0.3502,904,1160.0
2026-06-17,34750,2028-12-07,put,100,0.3475,904,1240.0
2026-06-17,35000,2028-12-07,put,955,0.3468,904,1270.0
2026-06-17,36000,2028-12-07,put,2750,0.3433,904,1385.0
2026-06-17,37000,2028-12-07,put,580,0.3398,904,1505.0
2026-06-17,38000,2028-12-07,put,2860,0.3365,904,1635.0
2026-06-17,39000,2028-12-07,put,50,0.3331,904,1770.0
2026-06-17,40000,2028-12-07,put,1210,0.3299,904,1915.0
2026-06-17,42000,2028-12-07,put,350,0.3235,904,2225.0
2026-06-17,43000,2028-12-07,put,100,0.3205,904,2395.0
2026-06-17,48000,2028-12-07,put,600,0.3063,904,3385.0
2026-06-17,50000,2028-12-07,put,1600,0.301,904,3850.0
2026-06-17,51000,2028-12-07,put,150,0.2986,904,4105.0
2026-06-17,53000,2028-12-07,put,50,0.2935,904,4635.0
2026-06-17,55000,2028-12-07,put,450,0.2889,904,5220.0
2026-06-17,56000,2028-12-07,put,300,0.2867,904,5530.0
2026-06-17,57000,2028-12-07,put,150,0.2845,904,5855.0
2026-06-17,60000,2028-12-07,put,100,0.2827,904,7070.0
2026-06-17,65000,2028-12-07,put,400,0.2756,904,9205.0
2026-06-17,75000,2028-12-07,put,80,0.2595,904,14325.0
2026-06-17,15000,2029-06-07,put,1,0.3613,1086,42.0
2026-06-17,15000,2029-12-13,put,1,0.3397,1275,49.0
2026-06-17,23250,2029-12-13,put,40,0.3391,1275,405.0
2026-06-17,32000,2029-12-13,put,113,0.3293,1275,1350.0
2026-06-17,34250,2029-12-13,put,6,0.3232,1275,1650.0
2026-06-17,44000,2029-12-13,put,100,0.3102,1275,3735.0
2026-06-17,19000,2030-06-13,put,2,0.3341,1457,221.0
2026-06-17,23500,2030-12-12,put,100,0.3188,1639,580.0
2026-06-17,31750,2030-12-12,put,74,0.309,1639,1625.0
2026-06-17,34000,2030-12-12,put,24,0.3026,1639,1945.0
2026-06-17,44000,2030-12-12,put,80,0.278,1639,3865.0
2026-06-17,49500,2030-12-12,put,100,0.2663,1639,5295.0
2026-06-17,64000,2030-12-12,put,3,0.2408,1639,10575.0
2026-06-17,31500,2031-12-11,put,52,0.286,2003,1700.0
2026-06-17,31250,2032-12-09,put,40,0.2667,2367,1725.0
2026-06-17,39500,2026-07-09,call,26,0.2,22,29725.0
2026-06-17,42500,2026-07-09,call,10,0.2,22,26735.0
2026-06-17,45000,2026-07-09,call,4,0.2,22,24245.0
2026-06-17,46000,2026-07-09,call,26,0.2,22,23250.0
2026-06-17,48000,2026-07-09,call,2,0.2,22,21265.0
2026-06-17,55000,2026-07-09,call,12,0.2,22,14340.0
2026-06-17,56000,2026-07-09,call,1,0.2,22,13350.0
2026-06-17,56750,2026-07-09,call,2,0.2,22,12625.0
2026-06-17,57000,2026-07-09,call,1102,0.2,22,12380.0
2026-06-17,58000,2026-07-09,call,693,0.2,22,11410.0
2026-06-17,58500,2026-07-09,call,875,0.2,22,10930.0
2026-06-17,59500,2026-07-09,call,301,0.2,22,9975.0
2026-06-17,59625,2026-07-09,call,12,0.2,22,9850.0
2026-06-17,60000,2026-07-09,call,837,0.2,22,9490.0
2026-06-17,60250,2026-07-09,call,364,0.2,22,9260.0
2026-06-17,60500,2026-07-09,call,1002,0.2,22,9030.0
2026-06-17,60750,2026-07-09,call,1,0.2,22,8790.0
2026-06-17,61000,2026-07-09,call,205,0.2,22,8545.0
2026-06-17,61500,2026-07-09,call,2,0.2,22,8090.0
2026-06-17,62000,2026-07-09,call,736,0.2,22,7620.0
2026-06-17,62500,2026-07-09,call,102,0.2,22,7185.0
2026-06-17,63000,2026-07-09,call,837,0.2,22,6740.0
2026-06-17,63250,2026-07-09,call,95,0.2,22,6520.0
2026-06-17,63375,2026-07-09,call,1,0.2,22,6410.0
2026-06-17,63500,2026-07-09,call,512,0.2,22,6300.0
2026-06-17,63750,2026-07-09,call,99,0.2,22,6085.0
2026-06-17,63875,2026-07-09,call,2,0.2,22,5975.0
2026-06-17,64000,2026-07-09,call,1103,0.2,22,5870.0
2026-06-17,64250,2026-07-09,call,5,0.2,22,5655.0
2026-06-17,64375,2026-07-09,call,2,0.1556,22,5545.0
2026-06-17,64500,2026-07-09,call,179,0.1792,22,5445.0
2026-06-17,64625,2026-07-09,call,5,0.1897,22,5340.0
2026-06-17,64875,2026-07-09,call,1,0.2032,22,5130.0
2026-06-17,65000,2026-07-09,call,1557,0.1968,22,5000.0
2026-06-17,65125,2026-07-09,call,1,0.2135,22,4925.0
2026-06-17,65250,2026-07-09,call,7,0.2181,22,4825.0
2026-06-17,65375,2026-07-09,call,2,0.2219,22,4725.0
2026-06-17,65500,2026-07-09,call,824,0.2235,22,4620.0
2026-06-17,65625,2026-07-09,call,1,0.2276,22,4525.0
2026-06-17,65750,2026-07-09,call,90,0.2297,22,4425.0
2026-06-17,65875,2026-07-09,call,3,0.2314,22,4325.0
2026-06-17,66000,2026-07-09,call,889,0.2276,22,4205.0
2026-06-17,66250,2026-07-09,call,1,0.2331,22,4020.0
2026-06-17,66375,2026-07-09,call,2,0.238,22,3940.0
2026-06-17,66500,2026-07-09,call,626,0.2281,22,3795.0
2026-06-17,66625,2026-07-09,call,1,0.2409,22,3755.0
2026-06-17,66750,2026-07-09,call,2,0.2383,22,3645.0
2026-06-17,66875,2026-07-09,call,3,0.2425,22,3570.0
2026-06-17,67000,2026-07-09,call,1040,0.2347,22,3435.0
2026-06-17,67125,2026-07-09,call,51,0.2403,22,3370.0
2026-06-17,67250,2026-07-09,call,29,0.2426,22,3290.0
2026-06-17,67375,2026-07-09,call,10,0.2455,22,3215.0
2026-06-17,67500,2026-07-09,call,625,0.2427,22,3110.0
2026-06-17,67625,2026-07-09,call,1,0.2424,22,3020.0
2026-06-17,67750,2026-07-09,call,397,0.2444,22,2945.0
2026-06-17,67875,2026-07-09,call,39,0.2479,22,2880.0
2026-06-17,68000,2026-07-09,call,1256,0.2452,22,2780.0
2026-06-17,68125,2026-07-09,call,42,0.248,22,2715.0
2026-06-17,68250,2026-07-09,call,311,0.2458,22,2620.0
2026-06-17,68375,2026-07-09,call,6,0.2489,22,2560.0
2026-06-17,68500,2026-07-09,call,547,0.2462,22,2465.0
2026-06-17,68625,2026-07-09,call,3,0.2488,22,2405.0
2026-06-17,68750,2026-07-09,call,30,0.2481,22,2325.0
2026-06-17,68875,2026-07-09,call,19,0.2373,22,2180.0
2026-06-17,69000,2026-07-09,call,4386,0.246,22,2165.0
2026-06-17,69125,2026-07-09,call,8,0.2379,22,2040.0
2026-06-17,69250,2026-07-09,call,2004,0.2379,22,1970.0
2026-06-17,69375,2026-07-09,call,2,0.2487,22,1975.0
2026-06-17,69500,2026-07-09,call,365,0.2637,22,2010.0
2026-06-17,69625,2026-07-09,call,1,0.2497,22,1850.0
2026-06-17,69750,2026-07-09,call,5,0.2524,22,1805.0
2026-06-17,69875,2026-07-09,call,2,0.2498,22,1725.0
2026-06-17,70000,2026-07-09,call,2092,0.2564,22,1710.0
2026-06-17,70125,2026-07-09,call,1,0.2519,22,1620.0
2026-06-17,70250,2026-07-09,call,16,0.2501,22,1550.0
2026-06-17,70375,2026-07-09,call,3,0.2525,22,1510.0
2026-06-17,70500,2026-07-09,call,961,0.2532,22,1460.0
2026-06-17,70625,2026-07-09,call,351,0.253,22,1405.0
2026-06-17,70750,2026-07-09,call,3,0.2504,22,1335.0
2026-06-17,70875,2026-07-09,call,2,0.2505,22,1285.0
2026-06-17,71000,2026-07-09,call,711,0.2518,22,1245.0
2026-06-17,71125,2026-07-09,call,30,0.2515,22,1195.0
2026-06-17,71250,2026-07-09,call,5,0.2518,22,1150.0
2026-06-17,71375,2026-07-09,call,4,0.2533,22,1115.0
2026-06-17,71500,2026-07-09,call,164,0.2516,22,1060.0
2026-06-17,72000,2026-07-09,call,5365,0.2553,22,920.0
2026-06-17,72125,2026-07-09,call,2,0.255,22,880.0
2026-06-17,72250,2026-07-09,call,2000,0.2544,22,840.0
2026-06-17,72500,2026-07-09,call,367,0.2543,22,770.0
2026-06-17,73000,2026-07-09,call,310,0.2554,22,650.0
2026-06-17,73500,2026-07-09,call,325,0.2621,22,575.0
2026-06-17,74000,2026-07-09,call,384,0.2625,22,480.0
2026-06-17,74500,2026-07-09,call,152,0.2586,22,380.0
2026-06-17,75000,2026-07-09,call,2503,0.2598,22,315.0
2026-06-17,75500,2026-07-09,call,84,0.2635,22,269.0
2026-06-17,76000,2026-07-09,call,1167,0.2618,22,213.0
2026-06-17,76500,2026-07-09,call,117,0.2679,22,188.0
2026-06-17,77000,2026-07-09,call,283,0.2656,22,146.0
2026-06-17,77500,2026-07-09,call,75,0.2639,22,113.0
2026-06-17,78000,2026-07-09,call,577,0.2654,22,92.0
2026-06-17,78500,2026-07-09,call,54,0.2651,22,72.0
2026-06-17,79000,2026-07-09,call,242,0.2695,22,62.0
2026-06-17,79500,2026-07-09,call,64,0.2689,22,48.0
2026-06-17,80000,2026-07-09,call,1447,0.2728,22,41.0
2026-06-17,82500,2026-07-09,call,618,0.278,22,13.0
2026-06-17,85000,2026-07-09,call,771,0.29,22,5.0
2026-06-17,85750,2026-07-09,call,388,0.2951,22,4.0
2026-06-17,90000,2026-07-09,call,1007,0.318,22,1.0
2026-06-17,42750,2026-08-13,call,27,0.2,57,26800.0
2026-06-17,49000,2026-08-13,call,27,0.2,57,20655.0
2026-06-17,50500,2026-08-13,call,1,0.2,57,19195.0
2026-06-17,56000,2026-08-13,call,1,0.2534,57,13940.0
2026-06-17,58000,2026-08-13,call,850,0.2959,57,12085.0
2026-06-17,59500,2026-08-13,call,20,0.3021,57,10725.0
2026-06-17,59750,2026-08-13,call,50,0.302,57,10500.0
2026-06-17,60000,2026-08-13,call,225,0.3027,57,10280.0
2026-06-17,60500,2026-08-13,call,120,0.3028,57,9840.0
2026-06-17,61000,2026-08-13,call,402,0.3026,57,9405.0
2026-06-17,61500,2026-08-13,call,200,0.3036,57,8985.0
2026-06-17,62000,2026-08-13,call,104,0.3032,57,8565.0
2026-06-17,62500,2026-08-13,call,15,0.3008,57,8140.0
2026-06-17,63000,2026-08-13,call,2130,0.3003,57,7735.0
2026-06-17,63375,2026-08-13,call,5,0.2975,57,7420.0
2026-06-17,63625,2026-08-13,call,5,0.2954,57,7210.0
2026-06-17,63750,2026-08-13,call,5,0.2976,57,7130.0
2026-06-17,63875,2026-08-13,call,10,0.2963,57,7025.0
2026-06-17,64000,2026-08-13,call,425,0.2969,57,6935.0
2026-06-17,64125,2026-08-13,call,30,0.2956,57,6830.0
2026-06-17,64250,2026-08-13,call,20,0.2967,57,6745.0
2026-06-17,64375,2026-08-13,call,20,0.294,57,6630.0
2026-06-17,64500,2026-08-13,call,10,0.2961,57,6555.0
2026-06-17,64625,2026-08-13,call,15,0.2963,57,6465.0
2026-06-17,64750,2026-08-13,call,10,0.2981,57,6390.0
2026-06-17,64875,2026-08-13,call,15,0.2929,57,6255.0
2026-06-17,65000,2026-08-13,call,1045,0.2964,57,6195.0
2026-06-17,65125,2026-08-13,call,15,0.2917,57,6065.0
2026-06-17,65250,2026-08-13,call,15,0.2921,57,5980.0
2026-06-17,65375,2026-08-13,call,20,0.2907,57,5880.0
2026-06-17,65500,2026-08-13,call,20,0.2954,57,5835.0
2026-06-17,65625,2026-08-13,call,10,0.2895,57,5695.0
2026-06-17,65750,2026-08-13,call,455,0.2944,57,5655.0
2026-06-17,66000,2026-08-13,call,95,0.2927,57,5470.0
2026-06-17,66250,2026-08-13,call,2,0.2933,57,5310.0
2026-06-17,66375,2026-08-13,call,2,0.2868,57,5165.0
2026-06-17,66500,2026-08-13,call,3,0.288,57,5095.0
2026-06-17,66750,2026-08-13,call,10240000,0.2906,57,4960.0
2026-06-17,67000,2026-08-13,call,304,0.2863,57,4760.0
2026-06-17,67250,2026-08-13,call,5,0.2848,57,4590.0
2026-06-17,67500,2026-08-13,call,9270000,0.2816,57,4405.0
2026-06-17,67625,2026-08-13,call,2,0.2831,57,4345.0
2026-06-17,68000,2026-08-13,call,333,0.2821,57,4115.0
2026-06-17,69000,2026-08-13,call,400,0.2784,57,3525.0
2026-06-17,69500,2026-08-13,call,132,0.2763,57,3245.0
2026-06-17,69750,2026-08-13,call,6160000,0.2798,57,3160.0
2026-06-17,70000,2026-08-13,call,1620,0.2793,57,3035.0
2026-06-17,70500,2026-08-13,call,1,0.2775,57,2785.0
2026-06-17,71000,2026-08-13,call,104,0.2764,57,2555.0
2026-06-17,71500,2026-08-13,call,4,0.2755,57,2340.0
2026-06-17,72000,2026-08-13,call,111,0.2738,57,2130.0
2026-06-17,72500,2026-08-13,call,662,0.2734,57,1945.0
2026-06-17,73000,2026-08-13,call,4,0.2708,57,1750.0
2026-06-17,74000,2026-08-13,call,209,0.2714,57,1455.0
2026-06-17,75000,2026-08-13,call,668,0.2708,57,1190.0
2026-06-17,77500,2026-08-13,call,912,0.2703,57,700.0
2026-06-17,80000,2026-08-13,call,239,0.2715,57,400.0
2026-06-17,82500,2026-08-13,call,10,0.2731,57,222.0
2026-06-17,85000,2026-08-13,call,16,0.2742,57,118.0
2026-06-17,85750,2026-08-13,call,2,0.2759,57,100.0
2026-06-17,90000,2026-08-13,call,138,0.2792,57,33.0
2026-06-17,30000,2026-09-10,call,3090,0.2,85,39285.0
2026-06-17,37000,2026-09-10,call,1,0.2,85,32360.0
2026-06-17,42000,2026-09-10,call,101,0.2,85,27455.0
2026-06-17,42500,2026-09-10,call,1,0.2,85,26950.0
2026-06-17,43000,2026-09-10,call,100,0.2,85,26475.0
2026-06-17,43500,2026-09-10,call,57,0.2,85,25970.0
2026-06-17,45000,2026-09-10,call,41,0.2,85,24525.0
2026-06-17,48000,2026-09-10,call,400,0.2,85,21605.0
2026-06-17,48500,2026-09-10,call,240,0.2,85,21125.0
2026-06-17,49000,2026-09-10,call,200,0.2,85,20645.0
2026-06-17,50000,2026-09-10,call,3990,0.2,85,19690.0
2026-06-17,50500,2026-09-10,call,50,0.2,85,19215.0
2026-06-17,51000,2026-09-10,call,141,0.2,85,18740.0
2026-06-17,51250,2026-09-10,call,210,0.2,85,18505.0
2026-06-17,52000,2026-09-10,call,350,0.2,85,17785.0
2026-06-17,53000,2026-09-10,call,1100,0.2,85,16860.0
2026-06-17,53500,2026-09-10,call,400,0.2,85,16395.0
2026-06-17,53750,2026-09-10,call,150,0.2,85,16150.0
2026-06-17,54000,2026-09-10,call,1056,0.219,85,15930.0
2026-06-17,54250,2026-09-10,call,50,0.2292,85,15690.0
2026-06-17,54500,2026-09-10,call,200,0.2481,85,15465.0
2026-06-17,54750,2026-09-10,call,90,0.2627,85,15245.0
2026-06-17,55000,2026-09-10,call,1040,0.2636,85,15005.0
2026-06-17,56000,2026-09-10,call,1250,0.2809,85,14095.0
2026-06-17,56500,2026-09-10,call,79,0.3003,85,13700.0
2026-06-17,57000,2026-09-10,call,850,0.288,85,13190.0
2026-06-17,57500,2026-09-10,call,384,0.31,85,12840.0
2026-06-17,58000,2026-09-10,call,1100,0.2947,85,12315.0
2026-06-17,59000,2026-09-10,call,1096,0.2941,85,11430.0
2026-06-17,60000,2026-09-10,call,1155,0.2936,85,10570.0
2026-06-17,60500,2026-09-10,call,700,0.294,85,10155.0
2026-06-17,60750,2026-09-10,call,120,0.2993,85,9990.0
2026-06-17,61000,2026-09-10,call,220,0.2934,85,9740.0
2026-06-17,61250,2026-09-10,call,21,0.2962,85,9560.0
2026-06-17,61500,2026-09-10,call,1,0.2932,85,9335.0
2026-06-17,62000,2026-09-10,call,1400,0.2926,85,8935.0
2026-06-17,62500,2026-09-10,call,500,0.2917,85,8540.0
2026-06-17,63000,2026-09-10,call,950,0.29,85,8145.0
2026-06-17,63250,2026-09-10,call,1,0.2902,85,7960.0
2026-06-17,64000,2026-09-10,call,1367,0.2878,85,7390.0
2026-06-17,64250,2026-09-10,call,100,0.2885,85,7220.0
2026-06-17,65000,2026-09-10,call,3885,0.2856,85,6670.0
2026-06-17,65500,2026-09-10,call,150,0.2846,85,6325.0
2026-06-17,66000,2026-09-10,call,1390,0.2824,85,5975.0
2026-06-17,66250,2026-09-10,call,28,0.2823,85,5815.0
2026-06-17,66750,2026-09-10,call,200,0.283,85,5515.0
2026-06-17,67000,2026-09-10,call,773,0.2798,85,5325.0
2026-06-17,67500,2026-09-10,call,1125,0.2778,85,5005.0
2026-06-17,67750,2026-09-10,call,23,0.278,85,4865.0
2026-06-17,68000,2026-09-10,call,772,0.2769,85,4710.0
2026-06-17,68500,2026-09-10,call,101,0.2771,85,4440.0
2026-06-17,69000,2026-09-10,call,431,0.2742,85,4140.0
2026-06-17,69500,2026-09-10,call,1,0.2765,85,3920.0
2026-06-17,69750,2026-09-10,call,450,0.2736,85,3760.0
2026-06-17,70000,2026-09-10,call,1654,0.2743,85,3650.0
2026-06-17,70500,2026-09-10,call,6,0.2735,85,3410.0
2026-06-17,71000,2026-09-10,call,1180,0.2749,85,3210.0
2026-06-17,72000,2026-09-10,call,2091,0.2725,85,2770.0
2026-06-17,72500,2026-09-10,call,606,0.2716,85,2570.0
2026-06-17,73000,2026-09-10,call,85,0.2706,85,2380.0
2026-06-17,73500,2026-09-10,call,75,0.2709,85,2215.0
2026-06-17,74000,2026-09-10,call,468,0.2696,85,2040.0
2026-06-17,75000,2026-09-10,call,557,0.2696,85,1750.0
2026-06-17,76000,2026-09-10,call,56,0.2693,85,1490.0
2026-06-17,77000,2026-09-10,call,41,0.2693,85,1265.0
2026-06-17,77500,2026-09-10,call,860,0.2694,85,1165.0
2026-06-17,80000,2026-09-10,call,303,0.2676,85,740.0
2026-06-17,85000,2026-09-10,call,141,0.2752,85,320.0
2026-06-17,87500,2026-09-10,call,1,0.2772,85,202.0
2026-06-17,90000,2026-09-10,call,15,0.2748,85,115.0
2026-06-17,47500,2026-10-08,call,34,0.2,113,21945.0
2026-06-17,53000,2026-10-08,call,34,0.2,113,16880.0
2026-06-17,60500,2026-10-08,call,100,0.2802,113,10385.0
2026-06-17,61000,2026-10-08,call,200,0.282,113,10005.0
2026-06-17,62000,2026-10-08,call,28,0.282,113,9235.0
2026-06-17,63000,2026-10-08,call,4,0.2813,113,8490.0
2026-06-17,64000,2026-10-08,call,31,0.2801,113,7770.0
2026-06-17,65000,2026-10-08,call,1,0.2763,113,7050.0
2026-06-17,70000,2026-10-08,call,2,0.2658,113,4085.0
2026-06-17,70750,2026-10-08,call,1,0.2652,113,3735.0
2026-06-17,71750,2026-10-08,call,3570000,0.2645,113,3305.0
2026-06-17,75000,2026-10-08,call,1013,0.2628,113,2160.0
2026-06-17,80000,2026-10-08,call,8,0.266,113,1090.0
2026-06-17,90000,2026-10-08,call,1,0.2741,113,246.0
2026-06-17,50250,2026-11-12,call,35,0.2,148,19615.0
2026-06-17,56000,2026-11-12,call,34,0.2851,148,14530.0
2026-06-17,57500,2026-11-12,call,100,0.292,148,13310.0
2026-06-17,59750,2026-11-12,call,50,0.2917,148,11500.0
2026-06-17,60500,2026-11-12,call,100,0.2907,148,10915.0
2026-06-17,61000,2026-11-12,call,200,0.289,148,10520.0
2026-06-17,65000,2026-11-12,call,10,0.2828,148,7695.0
2026-06-17,66000,2026-11-12,call,200,0.2821,148,7075.0
2026-06-17,70000,2026-11-12,call,3,0.2708,148,4770.0
2026-06-17,71000,2026-11-12,call,4,0.2695,148,4300.0
2026-06-17,72500,2026-11-12,call,1,0.2678,148,3660.0
2026-06-17,73000,2026-11-12,call,1,0.2674,148,3465.0
2026-06-17,75000,2026-11-12,call,2,0.2663,148,2770.0
2026-06-17,12500,2026-12-10,call,84,0.2,176,56480.0
2026-06-17,20000,2026-12-10,call,150,0.2,176,49040.0
2026-06-17,22000,2026-12-10,call,100,0.2,176,47060.0
2026-06-17,25000,2026-12-10,call,300,0.2,176,44090.0
2026-06-17,26000,2026-12-10,call,350,0.2,176,43105.0
2026-06-17,27000,2026-12-10,call,250,0.2,176,42120.0
2026-06-17,28000,2026-12-10,call,75,0.2,176,41135.0
2026-06-17,28500,2026-12-10,call,125,0.2,176,40640.0
2026-06-17,29000,2026-12-10,call,150,0.2,176,40150.0
2026-06-17,30000,2026-12-10,call,100,0.2,176,39170.0
2026-06-17,30500,2026-12-10,call,50,0.2,176,38680.0
2026-06-17,31000,2026-12-10,call,241,0.2,176,38190.0
2026-06-17,31500,2026-12-10,call,50,0.2,176,37700.0
2026-06-17,32000,2026-12-10,call,700,0.2,176,37210.0
2026-06-17,32500,2026-12-10,call,250,0.2,176,36720.0
2026-06-17,33000,2026-12-10,call,2000,0.2,176,36235.0
2026-06-17,34000,2026-12-10,call,280,0.2,176,35260.0
2026-06-17,34500,2026-12-10,call,400,0.2,176,34775.0
2026-06-17,35000,2026-12-10,call,513,0.2,176,34290.0
2026-06-17,36000,2026-12-10,call,975,0.2,176,33320.0
2026-06-17,36500,2026-12-10,call,252,0.2,176,32835.0
2026-06-17,37000,2026-12-10,call,450,0.2,176,32350.0
2026-06-17,37500,2026-12-10,call,88,0.2,176,31870.0
2026-06-17,37750,2026-12-10,call,100,0.2,176,31625.0
2026-06-17,38000,2026-12-10,call,1225,0.2,176,31385.0
2026-06-17,38500,2026-12-10,call,700,0.2,176,30905.0
2026-06-17,38750,2026-12-10,call,50,0.2,176,30665.0
2026-06-17,39000,2026-12-10,call,750,0.2,176,30425.0
2026-06-17,39500,2026-12-10,call,500,0.2,176,29945.0
2026-06-17,40000,2026-12-10,call,1325,0.2,176,29465.0
2026-06-17,40500,2026-12-10,call,400,0.2,176,28990.0
2026-06-17,41000,2026-12-10,call,1300,0.2,176,28510.0
2026-06-17,41500,2026-12-10,call,100,0.2,176,28035.0
2026-06-17,42000,2026-12-10,call,1351,0.2,176,27565.0
2026-06-17,42500,2026-12-10,call,250,0.2,176,27085.0
2026-06-17,43000,2026-12-10,call,1400,0.2,176,26615.0
2026-06-17,43750,2026-12-10,call,100,0.2,176,25905.0
2026-06-17,44000,2026-12-10,call,600,0.2,176,25675.0
2026-06-17,45000,2026-12-10,call,2094,0.2,176,24735.0
2026-06-17,45250,2026-12-10,call,413,0.2,176,24505.0
2026-06-17,45500,2026-12-10,call,200,0.2,176,24280.0
2026-06-17,46000,2026-12-10,call,2300,0.2,176,23825.0
2026-06-17,46250,2026-12-10,call,315,0.2,176,23590.0
2026-06-17,47000,2026-12-10,call,350,0.2,176,22895.0
2026-06-17,47500,2026-12-10,call,200,0.2095,176,22435.0
2026-06-17,48000,2026-12-10,call,750,0.2475,176,21975.0
2026-06-17,49000,2026-12-10,call,1000,0.2764,176,21065.0
2026-06-17,49500,2026-12-10,call,260,0.285,176,20615.0
2026-06-17,50000,2026-12-10,call,3442,0.2921,176,20170.0
2026-06-17,50250,2026-12-10,call,58,0.2976,176,19960.0
2026-06-17,50500,2026-12-10,call,600,0.3013,176,19745.0
2026-06-17,50750,2026-12-10,call,45,0.3025,176,19520.0
2026-06-17,51000,2026-12-10,call,881,0.3034,176,19295.0
2026-06-17,52000,2026-12-10,call,802,0.3067,176,18405.0
2026-06-17,52250,2026-12-10,call,250,0.3074,176,18185.0
2026-06-17,52500,2026-12-10,call,50,0.3079,176,17965.0
2026-06-17,53000,2026-12-10,call,1135,0.3098,176,17535.0
2026-06-17,53500,2026-12-10,call,106,0.3108,176,17105.0
2026-06-17,54000,2026-12-10,call,1941,0.3124,176,16685.0
2026-06-17,54500,2026-12-10,call,540,0.3052,176,16195.0
2026-06-17,55000,2026-12-10,call,1729,0.3042,176,15760.0
2026-06-17,55500,2026-12-10,call,300,0.3049,176,15345.0
2026-06-17,56000,2026-12-10,call,791,0.3041,176,14920.0
2026-06-17,56500,2026-12-10,call,283,0.3046,176,14515.0
2026-06-17,57000,2026-12-10,call,500,0.3056,176,14120.0
2026-06-17,57250,2026-12-10,call,113,0.3038,176,13900.0
2026-06-17,57500,2026-12-10,call,90,0.3033,176,13695.0
2026-06-17,58000,2026-12-10,call,2603,0.3041,176,13310.0
2026-06-17,58500,2026-12-10,call,350,0.3035,176,12915.0
2026-06-17,59000,2026-12-10,call,1929,0.3018,176,12510.0
2026-06-17,59500,2026-12-10,call,100,0.3015,176,12130.0
2026-06-17,60000,2026-12-10,call,4296,0.3004,176,11745.0
2026-06-17,60500,2026-12-10,call,2,0.2993,176,11365.0
2026-06-17,61000,2026-12-10,call,813,0.2975,176,10980.0
2026-06-17,62000,2026-12-10,call,1350,0.2954,176,10250.0
2026-06-17,62500,2026-12-10,call,385,0.2934,176,9880.0
2026-06-17,63000,2026-12-10,call,1590,0.293,176,9540.0
2026-06-17,63750,2026-12-10,call,25,0.2916,176,9030.0
2026-06-17,64000,2026-12-10,call,1905,0.2909,176,8860.0
2026-06-17,65000,2026-12-10,call,3226,0.2887,176,8205.0
2026-06-17,65500,2026-12-10,call,584,0.2875,176,7885.0
2026-06-17,66000,2026-12-10,call,620,0.2862,176,7570.0
2026-06-17,67000,2026-12-10,call,677,0.2849,176,6985.0
2026-06-17,67250,2026-12-10,call,25,0.2844,176,6840.0
2026-06-17,67500,2026-12-10,call,25,0.2841,176,6700.0
2026-06-17,68000,2026-12-10,call,2808,0.2828,176,6415.0
2026-06-17,69000,2026-12-10,call,647,0.2812,176,5880.0
2026-06-17,69250,2026-12-10,call,20,0.2804,176,5745.0
2026-06-17,70000,2026-12-10,call,2586,0.2764,176,5315.0
2026-06-17,72000,2026-12-10,call,300,0.2734,176,4395.0
2026-06-17,72500,2026-12-10,call,2403,0.2727,176,4185.0
2026-06-17,74000,2026-12-10,call,629,0.2712,176,3605.0
2026-06-17,75000,2026-12-10,call,3150,0.2703,176,3255.0
2026-06-17,76000,2026-12-10,call,100,0.2699,176,2940.0
2026-06-17,77000,2026-12-10,call,1,0.269,176,2640.0
2026-06-17,77500,2026-12-10,call,1101,0.2688,176,2505.0
2026-06-17,80000,2026-12-10,call,3196,0.2684,176,1915.0
2026-06-17,82500,2026-12-10,call,1,0.2689,176,1460.0
2026-06-17,85000,2026-12-10,call,418,0.2695,176,1105.0
2026-06-17,87500,2026-12-10,call,1737,0.2706,176,835.0
2026-06-17,90000,2026-12-10,call,1650,0.2725,176,635.0
2026-06-17,54250,2027-01-07,call,27,0.2967,204,16535.0
2026-06-17,61000,2027-01-07,call,26,0.2898,204,11195.0
2026-06-17,56000,2027-02-10,call,8,0.3024,238,15435.0
2026-06-17,56750,2027-02-10,call,60,0.3011,238,14835.0
2026-06-17,64000,2027-02-10,call,60,0.2874,238,9600.0
2026-06-17,66000,2027-02-10,call,8,0.2835,238,8360.0
2026-06-17,52000,2027-03-11,call,560,0.309,267,18980.0
2026-06-17,52750,2027-03-11,call,8,0.3089,267,18355.0
2026-06-17,53000,2027-03-11,call,275,0.3085,267,18145.0
2026-06-17,53500,2027-03-11,call,200,0.3071,267,17720.0
2026-06-17,53750,2027-03-11,call,44,0.3069,267,17515.0
2026-06-17,54000,2027-03-11,call,267,0.3074,267,17320.0
2026-06-17,55000,2027-03-11,call,550,0.3058,267,16505.0
2026-06-17,56000,2027-03-11,call,50,0.3044,267,15710.0
2026-06-17,57000,2027-03-11,call,365,0.3024,267,14925.0
2026-06-17,58000,2027-03-11,call,150,0.3003,267,14155.0
2026-06-17,59500,2027-03-11,call,200,0.2974,267,13040.0
2026-06-17,60000,2027-03-11,call,12,0.2962,267,12675.0
2026-06-17,60250,2027-03-11,call,44,0.2957,267,12495.0
2026-06-17,61000,2027-03-11,call,160,0.2942,267,11965.0
2026-06-17,62500,2027-03-11,call,8,0.2908,267,10930.0
2026-06-17,63000,2027-03-11,call,292,0.2899,267,10600.0
2026-06-17,64250,2027-03-11,call,100,0.2872,267,9790.0
2026-06-17,65000,2027-03-11,call,301,0.2862,267,9335.0
2026-06-17,66500,2027-03-11,call,6,0.283,267,8435.0
2026-06-17,67000,2027-03-11,call,200,0.2823,267,8155.0
2026-06-17,70000,2027-03-11,call,16,0.2772,267,6575.0
2026-06-17,75000,2027-03-11,call,150,0.2702,267,4440.0
2026-06-17,77500,2027-03-11,call,60,0.2683,267,3615.0
2026-06-17,90000,2027-03-11,call,56,0.2691,267,1260.0
2026-06-17,57000,2027-04-08,call,25,0.2823,295,14840.0
2026-06-17,57750,2027-04-08,call,88,0.2819,295,14275.0
2026-06-17,65000,2027-04-08,call,88,0.2735,295,9365.0
2026-06-17,67000,2027-04-08,call,25,0.2712,295,8220.0
2026-06-17,60250,2027-05-13,call,8,0.2818,330,12830.0
2026-06-17,61250,2027-05-13,call,23,0.2806,330,12150.0
2026-06-17,71000,2027-05-13,call,23,0.2684,330,6645.0
2026-06-17,72000,2027-05-13,call,8,0.2675,330,6205.0
2026-06-17,16250,2027-06-10,call,114,0.2,358,52385.0
2026-06-17,30000,2027-06-10,call,300,0.2,358,39110.0
2026-06-17,33000,2027-06-10,call,50,0.2,358,36270.0
2026-06-17,36000,2027-06-10,call,150,0.2,358,33455.0
2026-06-17,37000,2027-06-10,call,50,0.2,358,32525.0
2026-06-17,37250,2027-06-10,call,480,0.2,358,32295.0
2026-06-17,38500,2027-06-10,call,140,0.2,358,31135.0
2026-06-17,39000,2027-06-10,call,50,0.2,358,30680.0
2026-06-17,44500,2027-06-10,call,300,0.2707,358,25725.0
2026-06-17,50000,2027-06-10,call,300,0.2937,358,21000.0
2026-06-17,50500,2027-06-10,call,175,0.2941,358,20585.0
2026-06-17,53000,2027-06-10,call,100,0.2938,358,18550.0
2026-06-17,54000,2027-06-10,call,1050,0.2932,358,17760.0
2026-06-17,55000,2027-06-10,call,200,0.2922,358,16980.0
2026-06-17,56000,2027-06-10,call,175,0.2913,358,16220.0
2026-06-17,57000,2027-06-10,call,50,0.2896,358,15465.0
2026-06-17,58500,2027-06-10,call,58,0.2877,358,14375.0
2026-06-17,60000,2027-06-10,call,850,0.2854,358,13320.0
2026-06-17,62500,2027-06-10,call,150,0.2817,358,11660.0
2026-06-17,63000,2027-06-10,call,100,0.2808,358,11340.0
2026-06-17,64000,2027-06-10,call,200,0.2793,358,10720.0
2026-06-17,65000,2027-06-10,call,124,0.278,358,10125.0
2026-06-17,65500,2027-06-10,call,62,0.2771,358,9830.0
2026-06-17,67000,2027-06-10,call,430,0.2751,358,8990.0
2026-06-17,68000,2027-06-10,call,250,0.2737,358,8455.0
2026-06-17,70000,2027-06-10,call,310,0.2714,358,7460.0
2026-06-17,71000,2027-06-10,call,100,0.2703,358,6995.0
2026-06-17,85000,2027-06-10,call,150,0.2624,358,2620.0
2026-06-17,65000,2027-09-09,call,1,0.2794,449,11025.0
2026-06-17,28000,2027-12-09,call,50,0.2,540,41100.0
2026-06-17,30000,2027-12-09,call,225,0.2,540,39235.0
2026-06-17,31500,2027-12-09,call,50,0.2,540,37850.0
2026-06-17,32000,2027-12-09,call,100,0.2,540,37385.0
2026-06-17,33000,2027-12-09,call,100,0.2,540,36470.0
2026-06-17,34000,2027-12-09,call,375,0.2,540,35555.0
2026-06-17,35000,2027-12-09,call,201,0.2,540,34645.0
2026-06-17,36000,2027-12-09,call,80,0.2,540,33745.0
2026-06-17,36750,2027-12-09,call,442,0.2,540,33070.0
2026-06-17,37000,2027-12-09,call,200,0.2,540,32845.0
2026-06-17,38000,2027-12-09,call,575,0.2,540,31955.0
2026-06-17,39000,2027-12-09,call,125,0.2349,540,31070.0
2026-06-17,39250,2027-12-09,call,50,0.2414,540,30850.0
2026-06-17,39500,2027-12-09,call,50,0.2467,540,30630.0
2026-06-17,40000,2027-12-09,call,350,0.2549,540,30190.0
2026-06-17,40500,2027-12-09,call,450,0.2618,540,29755.0
2026-06-17,41000,2027-12-09,call,375,0.267,540,29320.0
2026-06-17,42000,2027-12-09,call,200,0.2741,540,28450.0
2026-06-17,43000,2027-12-09,call,400,0.2797,540,27595.0
2026-06-17,43500,2027-12-09,call,150,0.2818,540,27170.0
2026-06-17,45000,2027-12-09,call,1950,0.2861,540,25905.0
2026-06-17,46000,2027-12-09,call,500,0.2876,540,25070.0
2026-06-17,48000,2027-12-09,call,225,0.2897,540,23440.0
2026-06-17,49000,2027-12-09,call,700,0.2897,540,22635.0
2026-06-17,50000,2027-12-09,call,1830,0.2894,540,21840.0
2026-06-17,51000,2027-12-09,call,300,0.289,540,21060.0
2026-06-17,52500,2027-12-09,call,100,0.2877,540,19905.0
2026-06-17,54000,2027-12-09,call,300,0.2864,540,18785.0
2026-06-17,54500,2027-12-09,call,100,0.2857,540,18415.0
2026-06-17,55000,2027-12-09,call,704,0.2851,540,18050.0
2026-06-17,57000,2027-12-09,call,250,0.2827,540,16630.0
2026-06-17,58000,2027-12-09,call,500,0.2816,540,15945.0
2026-06-17,60000,2027-12-09,call,1025,0.2789,540,14615.0
2026-06-17,61000,2027-12-09,call,200,0.2776,540,13975.0
2026-06-17,63000,2027-12-09,call,100,0.2749,540,12745.0
2026-06-17,63500,2027-12-09,call,50,0.2743,540,12450.0
2026-06-17,64000,2027-12-09,call,780,0.2737,540,12160.0
2026-06-17,65000,2027-12-09,call,100,0.2725,540,11590.0
2026-06-17,66000,2027-12-09,call,200,0.2713,540,11040.0
2026-06-17,67000,2027-12-09,call,100,0.2701,540,10505.0
2026-06-17,68000,2027-12-09,call,200,0.2692,540,9995.0
2026-06-17,69000,2027-12-09,call,700,0.2681,540,9500.0
2026-06-17,70000,2027-12-09,call,325,0.2672,540,9025.0
2026-06-17,72500,2027-12-09,call,100,0.2652,540,7925.0
2026-06-17,75000,2027-12-09,call,175,0.264,540,6950.0
2026-06-17,87500,2027-12-09,call,100,0.2586,540,3435.0
2026-06-17,41500,2028-06-08,call,100,0.2548,722,29095.0
2026-06-17,28000,2028-12-07,call,50,0.2,904,41150.0
2026-06-17,30000,2028-12-07,call,80,0.2,904,39395.0
2026-06-17,31000,2028-12-07,call,200,0.2,904,38510.0
2026-06-17,32000,2028-12-07,call,75,0.2,904,37635.0
2026-06-17,33000,2028-12-07,call,125,0.2,904,36760.0
2026-06-17,34500,2028-12-07,call,330,0.2,904,35470.0
2026-06-17,34750,2028-12-07,call,100,0.1632,904,35250.0
2026-06-17,35500,2028-12-07,call,443,0.2105,904,34610.0
2026-06-17,36000,2028-12-07,call,450,0.2241,904,34190.0
2026-06-17,36500,2028-12-07,call,52,0.2326,904,33765.0
2026-06-17,38000,2028-12-07,call,120,0.2494,904,32505.0
2026-06-17,39000,2028-12-07,call,575,0.2564,904,31675.0
2026-06-17,40000,2028-12-07,call,30,0.2612,904,30850.0
2026-06-17,41000,2028-12-07,call,375,0.265,904,30035.0
2026-06-17,42000,2028-12-07,call,65,0.2679,904,29230.0
2026-06-17,42500,2028-12-07,call,100,0.269,904,28830.0
2026-06-17,50000,2028-12-07,call,400,0.2735,904,23125.0
2026-06-17,53000,2028-12-07,call,50,0.272,904,21010.0
2026-06-17,55000,2028-12-07,call,50,0.2706,904,19660.0
2026-06-17,56000,2028-12-07,call,650,0.2698,904,19005.0
2026-06-17,60000,2028-12-07,call,250,0.2708,904,16680.0
2026-06-17,67500,2028-12-07,call,100,0.266,904,12705.0
2026-06-17,75000,2028-12-07,call,80,0.2599,904,9430.0
2026-06-17,80000,2028-12-07,call,200,0.2577,904,7705.0
2026-06-17,50000,2029-12-13,call,100,0.2864,1275,25030.0
2026-06-17,60000,2029-12-13,call,375,0.2762,1275,18850.0
2026-06-17,57000,2030-12-12,call,300,0.2626,1639,21390.0
2026-06-17,64000,2030-12-12,call,3,0.2572,1639,17645.0
2026-06-17,2850,2026-07-09,put,2300,3.7936,22,0.9
2026-06-17,2900,2026-07-09,put,250,3.7999,22,1.0
2026-06-17,3000,2026-07-09,put,1300,3.8693,22,1.5
2026-06-17,3050,2026-07-09,put,125,3.917,22,1.9
2026-06-17,3300,2026-07-09,put,100,4.1468,22,5.3
2026-06-17,3350,2026-07-09,put,100,4.2065,22,6.6
2026-06-17,3400,2026-07-09,put,142,4.269,22,8.2
2026-06-17,3450,2026-07-09,put,760,4.3278,22,10.0
2026-06-17,3500,2026-07-09,put,200,4.3758,22,11.8
2026-06-17,3525,2026-07-09,put,44,4.4001,22,12.8
2026-06-17,3550,2026-07-09,put,211,4.4255,22,13.9
2026-06-17,3600,2026-07-09,put,1678,4.4585,22,15.7
2026-06-17,3675,2026-07-09,put,44,4.5869,22,22.0
2026-06-17,3700,2026-07-09,put,336,4.6408,22,25.0
2026-06-17,3750,2026-07-09,put,250,4.7414,22,31.5
2026-06-17,3775,2026-07-09,put,44,4.7888,22,35.0
2026-06-17,3800,2026-07-09,put,1064,4.8471,22,39.5
2026-06-17,3825,2026-07-09,put,1272,4.9066,22,44.5
2026-06-17,3875,2026-07-09,put,44,0.2,22,56.5
2026-06-17,3900,2026-07-09,put,266,0.2,22,62.5
2026-06-17,3925,2026-07-09,put,100,0.2,22,71.0
2026-06-17,2900,2026-08-13,put,200,2.5367,57,2.6
2026-06-17,3000,2026-08-13,put,125,2.5814,57,3.7
2026-06-17,3050,2026-08-13,put,125,2.5998,57,4.3
2026-06-17,3150,2026-08-13,put,125,2.655,57,6.2
2026-06-17,3200,2026-08-13,put,223,2.6869,57,7.5
2026-06-17,3250,2026-08-13,put,100,2.7185,57,9.0
2026-06-17,3300,2026-08-13,put,75,2.752,57,10.8
2026-06-17,3400,2026-08-13,put,142,2.8295,57,15.8
2026-06-17,3600,2026-08-13,put,100,3.0228,57,34.5
2026-06-17,3650,2026-08-13,put,125,3.0801,57,42.0
2026-06-17,3750,2026-08-13,put,300,3.2019,57,61.5
2026-06-17,3800,2026-08-13,put,542,3.2668,57,74.0
2026-06-17,2400,2026-09-10,put,42,2.0948,85,1.3
2026-06-17,2500,2026-09-10,put,86,2.1097,85,1.7
2026-06-17,2550,2026-09-10,put,12,2.1143,85,1.9
2026-06-17,2600,2026-09-10,put,13,2.1251,85,2.2
2026-06-17,2650,2026-09-10,put,317,2.1402,85,2.6
2026-06-17,2700,2026-09-10,put,135,2.1519,85,3.0
2026-06-17,2750,2026-09-10,put,150,2.1663,85,3.5
2026-06-17,2850,2026-09-10,put,150,2.1992,85,4.8
2026-06-17,2900,2026-09-10,put,300,2.2162,85,5.6
2026-06-17,2950,2026-09-10,put,150,2.2363,85,6.6
2026-06-17,3000,2026-09-10,put,900,2.2554,85,7.7
2026-06-17,3150,2026-09-10,put,257,2.3315,85,12.9
2026-06-17,3200,2026-09-10,put,773,2.3643,85,15.6
2026-06-17,3250,2026-09-10,put,375,2.3983,85,18.8
2026-06-17,3300,2026-09-10,put,2118,2.4325,85,22.5
2026-06-17,3350,2026-09-10,put,9,2.4311,85,23.5
2026-06-17,3400,2026-09-10,put,150,2.4666,85,28.0
2026-06-17,3450,2026-09-10,put,850,2.4966,85,32.5
2026-06-17,3500,2026-09-10,put,3542,2.5345,85,38.5
2026-06-17,3550,2026-09-10,put,720,2.5704,85,45.0
2026-06-17,3600,2026-09-10,put,650,2.6142,85,53.5
2026-06-17,3650,2026-09-10,put,580,2.6574,85,63.0
2026-06-17,3700,2026-09-10,put,688,2.6999,85,73.5
2026-06-17,3750,2026-09-10,put,450,2.7485,85,86.5
2026-06-17,3800,2026-09-10,put,537,2.795,85,100.5
2026-06-17,3850,2026-09-10,put,200,2.8416,85,116.0
2026-06-17,3900,2026-09-10,put,200,2.8914,85,134.0
2026-06-17,4000,2026-09-10,put,80,2.9958,85,177.0
2026-06-17,3100,2026-10-08,put,211,2.1245,113,19.6
2026-06-17,3200,2026-10-08,put,164,2.1631,113,25.5
2026-06-17,3350,2026-10-08,put,125,2.2265,113,37.5
2026-06-17,3450,2026-10-08,put,100,2.2833,113,50.0
2026-06-17,3600,2026-10-08,put,43,2.3836,113,77.5
2026-06-17,3950,2026-10-08,put,120,2.6503,113,193.0
2026-06-17,4000,2026-10-08,put,80,2.6896,113,216.0
2026-06-17,3750,2026-11-12,put,50,2.2407,148,140.0
2026-06-17,1450,2026-12-10,put,1000,1.4912,176,0.2
2026-06-17,1600,2026-12-10,put,690,1.4875,176,0.3
2026-06-17,1750,2026-12-10,put,15,1.4986,176,0.5
2026-06-17,1900,2026-12-10,put,1000,1.5231,176,0.9
2026-06-17,2100,2026-12-10,put,90,1.5487,176,1.7
2026-06-17,2150,2026-12-10,put,600,1.563,176,2.1
2026-06-17,2200,2026-12-10,put,1125,1.5684,176,2.4
2026-06-17,2250,2026-12-10,put,1300,1.5815,176,2.9
2026-06-17,2300,2026-12-10,put,15,1.5914,176,3.4
2026-06-17,2400,2026-12-10,put,2189,1.6111,176,4.6
2026-06-17,2450,2026-12-10,put,500,1.6233,176,5.4
2026-06-17,2500,2026-12-10,put,1100,1.6353,176,6.3
2026-06-17,2550,2026-12-10,put,850,1.647,176,7.3
2026-06-17,2600,2026-12-10,put,1600,1.6639,176,8.7
2026-06-17,2650,2026-12-10,put,2615,1.6791,176,10.2
2026-06-17,2700,2026-12-10,put,1497,1.6915,176,11.7
2026-06-17,2750,2026-12-10,put,948,1.7044,176,13.4
2026-06-17,2800,2026-12-10,put,2276,1.7174,176,15.3
2026-06-17,2850,2026-12-10,put,322,1.7336,176,17.7
2026-06-17,2900,2026-12-10,put,100,1.7556,176,21.0
2026-06-17,2950,2026-12-10,put,150,1.7715,176,24.0
2026-06-17,3000,2026-12-10,put,220,1.7849,176,27.0
2026-06-17,3100,2026-12-10,put,1162,1.8129,176,34.0
2026-06-17,3150,2026-12-10,put,2374,1.8241,176,37.5
2026-06-17,3200,2026-12-10,put,2550,1.8421,176,42.5
2026-06-17,3250,2026-12-10,put,100,1.8627,176,48.5
2026-06-17,3300,2026-12-10,put,500,1.8829,176,55.0
2026-06-17,3350,2026-12-10,put,157,1.9047,176,62.5
2026-06-17,3400,2026-12-10,put,60,1.9257,176,70.5
2026-06-17,3500,2026-12-10,put,1900,1.9689,176,89.0
2026-06-17,3550,2026-12-10,put,27,1.9908,176,99.5
2026-06-17,3600,2026-12-10,put,400,2.0144,176,111.5
2026-06-17,3650,2026-12-10,put,366,2.0395,176,125.0
2026-06-17,3700,2026-12-10,put,190,2.0644,176,139.5
2026-06-17,3750,2026-12-10,put,50,2.0913,176,156.0
2026-06-17,3800,2026-12-10,put,200,2.1188,176,174.0
2026-06-17,3850,2026-12-10,put,200,2.1475,176,194.0
2026-06-17,3900,2026-12-10,put,150,2.1746,176,214.5
2026-06-17,3950,2026-12-10,put,150,2.2028,176,237.0
2026-06-17,2900,2027-03-11,put,164,1.5149,267,35.5
2026-06-17,2950,2027-03-11,put,58,1.5281,267,40.0
2026-06-17,3050,2027-03-11,put,233,1.5515,267,49.5
2026-06-17,3100,2027-03-11,put,368,1.5658,267,55.5
2026-06-17,3150,2027-03-11,put,96,1.5783,267,61.5
2026-06-17,3250,2027-03-11,put,2153,1.6067,267,76.0
2026-06-17,3300,2027-03-11,put,7361,1.622,267,84.5
2026-06-17,3350,2027-03-11,put,3409,1.6369,267,93.5
2026-06-17,3500,2027-03-11,put,2427,1.685,267,126.0
2026-06-17,3550,2027-03-11,put,800,1.7023,267,139.0
2026-06-17,3600,2027-03-11,put,916,1.7198,267,153.0
2026-06-17,3650,2027-03-11,put,150,1.7375,267,168.0
2026-06-17,3700,2027-03-11,put,140,1.7552,267,184.0
2026-06-17,3750,2027-03-11,put,35,1.7738,267,201.5
2026-06-17,3800,2027-03-11,put,450,1.793,267,220.5
2026-06-17,3850,2027-03-11,put,255,1.8121,267,240.5
2026-06-17,2250,2027-06-10,put,480,1.2701,358,12.7
2026-06-17,2700,2027-06-10,put,4063,1.3413,358,35.5
2026-06-17,3000,2027-06-10,put,150,1.3994,358,65.5
2026-06-17,3050,2027-06-10,put,127,1.4094,358,72.0
2026-06-17,3100,2027-06-10,put,151,1.421,358,79.5
2026-06-17,3150,2027-06-10,put,2376,1.4324,358,87.5
2026-06-17,3200,2027-06-10,put,388,1.4437,358,96.0
2026-06-17,3250,2027-06-10,put,127,1.456,358,105.5
2026-06-17,3300,2027-06-10,put,496,1.468,358,115.5
2026-06-17,3400,2027-06-10,put,100,1.493,358,138.0
2026-06-17,3500,2027-06-10,put,152,1.5199,358,164.5
2026-06-17,3600,2027-06-10,put,100,1.5479,358,195.0
2026-06-17,3650,2027-06-10,put,100,1.5619,358,211.5
2026-06-17,3200,2027-09-09,put,1537,1.3288,449,117.0
2026-06-17,3300,2027-09-09,put,1576,1.3492,449,138.5
2026-06-17,3350,2027-09-09,put,250,1.36,449,150.5
2026-06-17,3550,2027-09-09,put,393,1.4047,449,207.0
2026-06-17,3700,2027-09-09,put,40,1.4405,449,259.5
2026-06-17,4000,2027-09-09,put,160,1.5162,449,393.0
2026-06-17,2150,2027-12-09,put,100,1.1013,540,19.9
2026-06-17,2250,2027-12-09,put,100,1.1138,540,25.0
2026-06-17,2350,2027-12-09,put,100,1.124,540,30.5
2026-06-17,2400,2027-12-09,put,650,1.1289,540,33.5
2026-06-17,2450,2027-12-09,put,1100,1.1349,540,37.0
2026-06-17,2500,2027-12-09,put,550,1.1418,540,41.0
2026-06-17,2550,2027-12-09,put,1200,1.1476,540,45.0
2026-06-17,2600,2027-12-09,put,1200,1.1542,540,49.5
2026-06-17,2650,2027-12-09,put,900,1.1614,540,54.5
2026-06-17,2700,2027-12-09,put,700,1.1689,540,60.0
2026-06-17,2750,2027-12-09,put,250,1.1755,540,65.5
2026-06-17,2800,2027-12-09,put,250,1.1824,540,71.5
2026-06-17,2950,2027-12-09,put,250,1.2056,540,93.0
2026-06-17,3000,2027-12-09,put,100,1.2141,540,101.5
2026-06-17,3200,2027-12-09,put,100,1.2477,540,140.5
2026-06-17,3300,2027-12-09,put,400,1.2661,540,164.5
2026-06-17,3400,2027-12-09,put,450,1.2849,540,191.5
2026-06-17,3450,2027-12-09,put,1200,1.2949,540,206.5
2026-06-17,3500,2027-12-09,put,175,1.3051,540,222.5
2026-06-17,3600,2027-12-09,put,200,1.3252,540,256.5
2026-06-17,3650,2027-12-09,put,200,1.3356,540,275.0
2026-06-17,3750,2027-12-09,put,100,1.3568,540,315.0
2026-06-17,1700,2028-12-07,put,250,0.8744,904,12.9
2026-06-17,2400,2028-12-07,put,150,0.9403,904,59.5
2026-06-17,2500,2028-12-07,put,1160,0.9504,904,71.0
2026-06-17,2550,2028-12-07,put,100,0.9559,904,77.5
2026-06-17,2600,2028-12-07,put,395,0.9615,904,84.5
2026-06-17,3300,2028-12-07,put,100,1.0477,904,240.5
2026-06-17,3600,2028-12-07,call,200,0.2,904,357.5
2026-06-17,3700,2028-12-07,call,225,0.2,904,399.0
2026-06-17,3900,2028-12-07,call,200,0.2,904,492.0
2026-06-17,1800,2029-12-13,call,250,0.2,1275,28.0
2026-06-17,3500,2029-12-13,call,130,0.2,1275,403.5
2026-06-17,3600,2029-12-13,call,50,0.2,1275,444.5
2026-06-17,3700,2026-07-09,call,50,0.2,22,314.5
2026-06-17,3750,2026-07-09,call,150,0.2,22,271.0
2026-06-17,3900,2026-07-09,call,550,0.2,22,152.0
2026-06-17,3925,2026-07-09,call,100,0.2,22,135.5
2026-06-17,3950,2026-07-09,call,44,0.2,22,119.0
2026-06-17,3975,2026-07-09,call,86,0.2,22,104.0
2026-06-17,4000,2026-07-09,call,300,0.2,22,92.0
2026-06-17,4025,2026-07-09,call,44,0.2,22,79.0
2026-06-17,4050,2026-07-09,call,86,0.2,22,67.5
2026-06-17,4100,2026-07-09,call,244,0.2,22,48.0
2026-06-17,4150,2026-07-09,call,357,0.2,22,32.5
2026-06-17,4200,2026-07-09,call,768,0.2,22,22.5
2026-06-17,4250,2026-07-09,call,587,0.2,22,14.9
2026-06-17,4300,2026-07-09,call,50,0.2,22,9.6
2026-06-17,3600,2026-08-13,call,100,0.2,57,427.5
2026-06-17,3750,2026-08-13,call,200,0.2,57,305.0
2026-06-17,4050,2026-08-13,call,150,0.2,57,119.0
2026-06-17,4150,2026-08-13,call,40,0.2,57,79.0
2026-06-17,4200,2026-08-13,call,155,0.2,57,63.5
2026-06-17,4250,2026-08-13,call,150,0.2,57,50.5
2026-06-17,4400,2026-08-13,call,40,0.2,57,24.0
2026-06-17,2750,2026-09-10,call,100,0.2,85,1248.0
2026-06-17,3150,2026-09-10,call,1788,0.2,85,859.0
2026-06-17,3250,2026-09-10,call,300,0.2,85,765.0
2026-06-17,3400,2026-09-10,call,100,0.2,85,625.0
2026-06-17,3600,2026-09-10,call,200,0.2,85,451.0
2026-06-17,3650,2026-09-10,call,540,0.2,85,410.5
2026-06-17,3700,2026-09-10,call,245,0.2,85,371.5
2026-06-17,3750,2026-09-10,call,200,0.2,85,334.5
2026-06-17,3800,2026-09-10,call,117,0.2,85,298.5
2026-06-17,3850,2026-09-10,call,440,0.2,85,264.5
2026-06-17,4000,2026-09-10,call,480,0.2,85,176.0
2026-06-17,4100,2026-09-10,call,200,0.2,85,130.0
2026-06-17,4200,2026-09-10,call,400,0.2,85,92.5
2026-06-17,4250,2026-09-10,call,75,0.2,85,77.0
2026-06-17,4400,2026-09-10,call,417,0.2,85,44.0
2026-06-17,3950,2026-10-08,call,220,0.2,113,212.5
2026-06-17,4200,2026-11-12,call,50,0.2,148,133.0
2026-06-17,2200,2026-12-10,call,1290,0.2,176,1769.0
2026-06-17,2250,2026-12-10,call,1300,0.2,176,1720.0
2026-06-17,2400,2026-12-10,call,650,0.2,176,1573.0
2026-06-17,2450,2026-12-10,call,500,0.2,176,1524.0
2026-06-17,2500,2026-12-10,call,600,0.2,176,1475.5
2026-06-17,2550,2026-12-10,call,850,0.2,176,1426.5
2026-06-17,2600,2026-12-10,call,1000,0.2,176,1378.5
2026-06-17,2650,2026-12-10,call,2375,0.2,176,1330.5
2026-06-17,2700,2026-12-10,call,750,0.2,176,1282.0
2026-06-17,2750,2026-12-10,call,525,0.2,176,1234.0
2026-06-17,2800,2026-12-10,call,750,0.2,176,1186.5
2026-06-17,2850,2026-12-10,call,200,0.2,176,1139.0
2026-06-17,3000,2026-12-10,call,500,0.2,176,999.5
2026-06-17,3150,2026-12-10,call,400,0.2,176,861.0
2026-06-17,3350,2026-12-10,call,70,0.2,176,687.5
2026-06-17,3400,2026-12-10,call,1769,0.2,176,646.0
2026-06-17,3500,2026-12-10,call,400,0.2,176,565.5
2026-06-17,3600,2026-12-10,call,180,0.2,176,488.5
2026-06-17,3700,2026-12-10,call,160,0.2,176,417.0
2026-06-17,3750,2026-12-10,call,210,0.2,176,384.0
2026-06-17,3850,2026-12-10,call,800,0.2,176,323.0
2026-06-17,3900,2026-12-10,call,400,0.2,176,293.5
2026-06-17,4100,2026-12-10,call,219,0.2,176,193.5
2026-06-17,4150,2026-12-10,call,50,0.2,176,173.0
2026-06-17,4200,2026-12-10,call,150,0.2,176,154.5
2026-06-17,4250,2026-12-10,call,200,0.2,176,137.0
2026-06-17,3550,2027-03-11,call,800,0.2,267,570.0
2026-06-17,3650,2027-03-11,call,1213,0.2,267,500.0
2026-06-17,3700,2027-03-11,call,140,0.2,267,466.5
2026-06-17,3750,2027-03-11,call,35,0.2,267,434.5
2026-06-17,3800,2027-03-11,call,165,0.2,267,404.0
2026-06-17,3850,2027-03-11,call,255,0.2,267,374.5
2026-06-17,2250,2027-06-10,call,480,0.2,358,1701.0
2026-06-17,2700,2027-06-10,call,100,0.2,358,1280.0
2026-06-17,3000,2027-06-10,call,40,0.2,358,1014.0
2026-06-17,3500,2027-06-10,call,60,0.2,358,619.5
2026-06-17,4000,2027-06-10,call,1145,0.2,358,323.5
2026-06-17,4100,2027-09-09,call,40,0.2,449,318.5
2026-06-17,2150,2027-12-09,call,100,0.2,540,1783.0
2026-06-17,2250,2027-12-09,call,100,0.2,540,1690.0
2026-06-17,2350,2027-12-09,call,100,0.2,540,1597.5
2026-06-17,2400,2027-12-09,call,650,0.2,540,1551.5
2026-06-17,2500,2027-12-09,call,350,0.2,540,1461.0
2026-06-17,2550,2027-12-09,call,1200,0.2,540,1416.0
2026-06-17,2600,2027-12-09,call,1200,0.2,540,1371.5
2026-06-17,2650,2027-12-09,call,900,0.2,540,1327.5
2026-06-17,2700,2027-12-09,call,700,0.2,540,1284.0
2026-06-17,2750,2027-12-09,call,250,0.2,540,1240.5
2026-06-17,2800,2027-12-09,call,250,0.2,540,1197.5
2026-06-17,3300,2027-12-09,call,400,0.2,540,800.5
2026-06-17,3650,2027-12-09,call,100,0.2,540,568.0
2026-06-17,2400,2028-12-07,call,150,0.2,904,1530.5
2026-06-17,2500,2028-12-07,call,1160,0.2,904,1445.5
2026-06-17,2550,2028-12-07,call,100,0.2,904,1403.5
2026-06-17,2600,2028-12-07,call,400,0.2,904,1362.5
2026-06-17,2700,2028-12-07,call,350,0.2,904,1280.5
2026-06-17,3050,2028-12-07,call,400,0.2,904,1013.0
2026-06-17,3400,2028-12-07,call,250,0.2,904,781.5
2026-06-17,3600,2028-12-07,call,400,0.2,904,669.0
2026-06-17,3900,2028-12-07,call,200,0.2,904,513.5
2026-06-17,2700,2029-12-13,call,250,0.2,1275,1303.0
2026-06-17,3500,2029-12-13,call,130,0.2,1275,782.0
2026-06-17,27000,2026-07-09,put,20100,1.1957,22,2.01
2026-06-17,28000,2026-07-09,put,2010,1.1517,22,2.01
2026-06-17,29000,2026-07-09,put,2010,1.1093,22,2.01
2026-06-17,30000,2026-07-09,put,193000,1.1029,22,3.01
2026-06-17,31000,2026-07-09,put,4660,1.0406,22,2.33
2026-06-17,32000,2026-07-09,put,4010,1.0472,22,4.01
2026-06-17,33000,2026-07-09,put,82140,1.008,22,4.01
2026-06-17,34000,2026-07-09,put,16650,0.9942,22,5.33
2026-06-17,35000,2026-07-09,put,362270,0.9668,22,6.01
2026-06-17,37000,2026-07-09,put,8990,0.928,22,8.99
2026-06-17,38000,2026-07-09,put,157940,0.8916,22,8.99
2026-06-17,39000,2026-07-09,put,56670,0.8735,22,11.01
2026-06-17,40000,2026-07-09,put,448870,0.848,22,12.33
2026-06-17,40500,2026-07-09,put,156700,0.8517,22,15.67
2026-06-17,41000,2026-07-09,put,15670,0.834,22,15.67
2026-06-17,42000,2026-07-09,put,19330,0.8179,22,19.33
2026-06-17,43000,2026-07-09,put,119940,0.7862,22,19.99
2026-06-17,45000,2026-07-09,put,3891350,0.7241,22,21.33
2026-06-17,46000,2026-07-09,put,507670,0.7108,22,26.99
2026-06-17,47000,2026-07-09,put,260870,0.6977,22,34.01
2026-06-17,48000,2026-07-09,put,724120,0.6831,22,42.0
2026-06-17,49000,2026-07-09,put,155320,0.6707,22,52.9
2026-06-17,50000,2026-07-09,put,51506310,0.6354,22,51.99
2026-06-17,50500,2026-07-09,put,7400000,0.652,22,74.0
2026-06-17,51000,2026-07-09,put,249670,0.5944,22,47.48
2026-06-17,52000,2026-07-09,put,356750,0.5787,22,58.01
2026-06-17,53000,2026-07-09,put,14008600,0.5638,22,71.33
2026-06-17,53500,2026-07-09,put,11700000,0.5944,22,117.0
2026-06-17,53875,2026-07-09,put,89670,0.5552,22,89.67
2026-06-17,54000,2026-07-09,put,6660020,0.5395,22,78.94
2026-06-17,54500,2026-07-09,put,214510,0.5429,22,98.67
2026-06-17,55000,2026-07-09,put,1756500,0.5295,22,102.49
2026-06-17,55500,2026-07-09,put,477540,0.5228,22,114.49
2026-06-17,55875,2026-07-09,put,141440,0.5305,22,141.44
2026-06-17,56000,2026-07-09,put,47211580,0.5126,22,123.28
2026-06-17,57000,2026-07-09,put,44160170,0.4935,22,145.0
2026-06-17,57500,2026-07-09,put,297550,0.479,22,149.51
2026-06-17,58000,2026-07-09,put,21623010,0.4796,22,180.0
2026-06-17,58500,2026-07-09,put,174510,0.4587,22,174.51
2026-06-17,59000,2026-07-09,put,25262620,0.4642,22,220.0
2026-06-17,59500,2026-07-09,put,488980,0.457,22,244.49
2026-06-17,60000,2026-07-09,put,39423740,0.4444,22,258.51
2026-06-17,60500,2026-07-09,put,364490,0.4656,22,364.49
2026-06-17,61000,2026-07-09,put,11135000,0.4295,22,318.33
2026-06-17,61500,2026-07-09,put,66896940,0.4145,22,331.0
2026-06-17,62000,2026-07-09,put,36702860,0.4137,22,389.2
2026-06-17,62500,2026-07-09,put,2339100,0.3971,22,400.95
2026-06-17,63000,2026-07-09,put,9611070,0.3909,22,450.91
2026-06-17,63500,2026-07-09,put,3230140,0.4007,22,570.1
2026-06-17,64000,2026-07-09,put,243007300,0.374,22,550.0
2026-06-17,64500,2026-07-09,put,1593870,0.3986,22,758.36
2026-06-17,65000,2026-07-09,put,368412200,0.3733,22,750.0
2026-06-17,65500,2026-07-09,put,904490,0.38,22,904.49
2026-06-17,66000,2026-07-09,put,15518070,0.3601,22,931.78
2026-06-17,66500,2026-07-09,put,953974804,0.3578,22,1062.0
2026-06-17,66750,2026-07-09,put,1155120,0.3606,22,1155.12
2026-06-17,67000,2026-07-09,put,33202910,0.3505,22,1176.0
2026-06-17,68250,2026-07-09,put,53300926,0.3334,22,1522.8836
2026-06-17,68375,2026-07-09,put,15510000,0.33,22,1551.0
2026-06-17,69000,2026-07-09,put,1840900,0.3331,22,1840.9
2026-06-17,69250,2026-07-09,put,4081830,0.3416,22,2013.89
2026-06-17,69500,2026-07-09,put,246214900,0.3149,22,1952.0
2026-06-17,70000,2026-07-09,put,456129900,0.3245,22,2270.0
2026-06-17,20000,2026-08-13,put,16040,1.0226,57,4.01
2026-06-17,25000,2026-08-13,put,24410990,0.9253,57,11.0
2026-06-17,30000,2026-08-13,put,48000000,0.8168,57,20.0
2026-06-17,38000,2026-08-13,put,102020,0.6731,57,51.01
2026-06-17,47000,2026-08-13,put,143010,0.5362,57,143.01
2026-06-17,50000,2026-08-13,put,19350000,0.5002,57,215.0
2026-06-17,51500,2026-08-13,put,32100000,0.5036,57,321.0
2026-06-17,53500,2026-08-13,put,41100000,0.4791,57,411.0
2026-06-17,55000,2026-08-13,put,464900,0.4536,57,464.9
2026-06-17,56000,2026-08-13,put,189618800,0.4293,57,474.047
2026-06-17,60000,2026-08-13,put,770120,0.3782,57,770.12
2026-06-17,62000,2026-08-13,put,99000000,0.3684,57,1100.0
2026-06-17,65000,2026-08-13,put,1854990,0.3596,57,1854.99
2026-06-17,67000,2026-08-13,put,1354200000,0.3268,57,2257.0
2026-06-17,45000,2026-09-10,put,10105000,0.5165,85,215.0
2026-06-17,46500,2026-09-10,put,30800000,0.5189,85,308.0
2026-06-17,52000,2026-09-10,put,55600000,0.4582,85,556.0
2026-06-17,53000,2026-09-10,put,36915480,0.4292,85,527.364
2026-06-17,54000,2026-09-10,put,28200000,0.4208,85,600.0
2026-06-17,55000,2026-09-10,put,112188990,0.4088,85,660.957
2026-06-17,55500,2026-09-10,put,81700000,0.423,85,817.0
2026-06-17,58000,2026-09-10,put,270000000,0.3751,85,900.0
2026-06-17,60000,2026-09-10,put,1457724340,0.3636,85,1198.0
2026-06-17,62500,2026-09-10,put,123340000,0.357,85,1762.0
2026-06-17,64000,2026-09-10,put,113905000,0.343,85,2071.0
2026-06-17,64500,2026-09-10,put,158970000,0.3459,85,2271.0
2026-06-17,65000,2026-09-10,put,161708610,0.3341,85,2310.123
2026-06-17,66000,2026-09-10,put,679000000,0.3368,85,2716.0
2026-06-17,67000,2026-09-10,put,1414750000,0.3202,85,2915.0
2026-06-17,69000,2026-09-10,put,397500000,0.3309,85,3975.0
2026-06-17,70000,2026-09-10,put,1720000000,0.3166,85,4300.0
2026-06-17,67000,2026-11-12,put,1228500000,0.3131,148,4095.0
2026-06-17,45000,2026-12-10,put,30850000,0.4492,176,617.0
2026-06-17,47000,2026-12-10,put,385000000,0.4371,176,770.0
2026-06-17,50000,2026-12-10,put,175925610,0.4048,176,938.07
2026-06-17,53000,2026-12-10,put,86598400,0.3832,176,1237.12
2026-06-17,55000,2026-12-10,put,103149620,0.3683,176,1473.566
2026-06-17,58000,2026-12-10,put,362825000,0.3576,176,2051.0
2026-06-17,59000,2026-12-10,call,224700000,0.2,176,2247.0
2026-06-17,60000,2026-12-10,call,1784006280,0.2,176,2370.804
2026-06-17,65000,2026-12-10,call,2289071550,0.2,176,3858.165
2026-06-17,67000,2026-12-10,call,455200000,0.1503,176,4552.0
2026-06-17,68000,2026-12-10,call,1281250000,0.2141,176,5125.0
2026-06-17,69000,2026-12-10,call,837300000,0.2656,176,5582.0
2026-06-17,70000,2026-12-10,call,3640000000,0.313,176,6020.0
2026-06-17,44000,2027-03-11,call,67575000,0.2,267,901.0
2026-06-17,52000,2027-03-11,call,765000000,0.2,267,1700.0
2026-06-17,58000,2027-03-11,call,2475000000,0.2,267,2750.0
2026-06-17,60000,2027-03-11,call,1639000000,0.2,267,3278.0
2026-06-17,64000,2027-03-11,call,1992150000,0.2,267,4427.0
2026-06-17,69000,2027-03-11,call,675000000,0.2649,267,6750.0
2026-06-17,52000,2027-06-10,call,334500000,0.2,358,2230.0
2026-06-17,67000,2027-06-10,call,856132248,0.1848,358,6611.2472
2026-06-17,55500,2027-12-09,call,302797575,0.2,540,4037.301
2026-06-17,69250,2026-07-09,call,4649830000,0.2944,22,2351.0
2026-06-17,69500,2026-07-09,call,2170100,0.2872,22,2170.1
2026-06-17,70000,2026-07-09,call,21364970,0.263,22,1755.01
2026-06-17,70500,2026-07-09,call,5015300,0.2803,22,1644.49
2026-06-17,71500,2026-07-09,call,12590000,0.2822,22,1259.0
2026-06-17,72000,2026-07-09,call,28934160,0.2604,22,951.55
2026-06-17,72250,2026-07-09,call,2105830000,0.2932,22,1079.0
2026-06-17,72500,2026-07-09,call,949490,0.2843,22,949.49
2026-06-17,73000,2026-07-09,call,6986460,0.2912,22,852.97
2026-06-17,73500,2026-07-09,call,29404864,0.2591,22,559.49
2026-06-17,74000,2026-07-09,call,15432910,0.262,22,477.4
2026-06-17,74500,2026-07-09,call,485510,0.2823,22,485.51
2026-06-17,75000,2026-07-09,call,435795250,0.262,22,323.49
2026-06-17,75500,2026-07-09,call,2050390,0.2674,22,282.79
2026-06-17,76000,2026-07-09,call,145857670,0.2655,22,224.49
2026-06-17,76500,2026-07-09,call,690000,0.2651,22,180.24
2026-06-17,77000,2026-07-09,call,5209650,0.2697,22,155.9
2026-06-17,77500,2026-07-09,call,305840,0.2775,22,142.38
2026-06-17,78000,2026-07-09,call,5392440,0.2673,22,95.33
2026-06-17,78500,2026-07-09,call,1229290,0.2788,22,94.0
2026-06-17,79000,2026-07-09,call,1363390,0.2682,22,60.33
2026-06-17,79500,2026-07-09,call,105670,0.2689,22,48.0
2026-06-17,80000,2026-07-09,call,16478320,0.2746,22,42.67
2026-06-17,82500,2026-07-09,call,768440,0.278,22,13.0
2026-06-17,85000,2026-07-09,call,1171480,0.2899,22,4.99
2026-06-17,85750,2026-07-09,call,126330,0.2951,22,3.99
2026-06-17,90000,2026-07-09,call,37540,0.3255,22,1.35
2026-06-17,69500,2026-08-13,call,424875000,0.2903,57,3399.0
2026-06-17,70000,2026-08-13,call,2251000000,0.2761,57,3000.0
2026-06-17,75000,2026-08-13,call,60750000,0.2735,57,1215.0
2026-06-17,77500,2026-08-13,call,655000000,0.2825,57,790.0
2026-06-17,90000,2026-08-13,call,107000,0.2962,57,51.01
2026-06-17,64000,2026-09-10,call,1119735000,0.2996,85,7515.0
2026-06-17,67000,2026-09-10,call,883150000,0.2905,85,5459.0
2026-06-17,72000,2026-09-10,call,1176819000,0.2897,85,3000.0
2026-06-17,74000,2026-09-10,call,669000000,0.2847,85,2230.0
2026-06-17,75000,2026-09-10,call,183897000,0.277,85,1838.97
2026-06-17,85000,2026-09-10,call,27360000,0.272,85,304.0
2026-06-17,77500,2027-03-11,call,220740000,0.2711,267,3679.0
2026-06-17,67000,2027-06-10,call,1189317753,0.2786,358,9082.6417
2026-06-17,71000,2027-06-10,call,717000000,0.2767,358,7170.0
2026-06-17,2900,2026-07-09,call,500000,0.2,22,1.0
2026-06-17,3300,2026-09-10,call,38438400,0.2,85,33.0
2026-06-17,3650,2026-09-10,call,10826700,0.2,85,72.178
2026-06-17,3800,2026-09-10,call,84800000,0.2,85,106.0
2026-06-17,3750,2026-11-12,call,80000000,0.2,148,160.0
2026-06-17,3900,2026-12-10,call,230500000,0.2,176,230.5
2026-06-17,3350,2027-03-11,call,1926960660,0.2,267,117.426
2026-06-17,3500,2027-03-11,call,1948741050,0.2,267,151.653
2026-06-17,3600,2027-12-09,call,302000000,0.2,540,302.0
2026-06-17,4250,2026-07-09,call,6400000,0.2,22,12.8
2026-06-17,3500,2026-09-10,call,59821300,0.2,85,543.83
2026-06-17,3800,2026-09-10,call,302196100,0.2,85,296.0
2026-06-17,4200,2026-11-12,call,71000000,0.2,148,142.0
2026-06-17,3750,2026-12-10,call,39130850,0.2,176,391.3085
2026-06-17,4100,2026-12-10,call,38738150,0.2,176,203.885
2026-06-17,4000,2027-06-10,call,3984142000,0.2,358,347.96
