date,strike,expiry,type,product,oi,iv,days_to_expiry,settlement
2026-09-11,20000,2026-10-08,put,regular,779,1.2466,27,1.0
2026-09-11,22500,2026-10-08,put,regular,52,1.1232,27,1.0
2026-09-11,25000,2026-10-08,put,regular,1482,1.0662,27,2.0
2026-09-11,26000,2026-10-08,put,regular,65,0.9718,27,1.0
2026-09-11,27000,2026-10-08,put,regular,106,1.0139,27,3.0
2026-09-11,28000,2026-10-08,put,regular,19,0.9418,27,2.0
2026-09-11,29000,2026-10-08,put,regular,13,0.9032,27,2.0
2026-09-11,30000,2026-10-08,put,regular,6033,0.8947,27,3.0
2026-09-11,31000,2026-10-08,put,regular,22,0.8575,27,3.0
2026-09-11,32000,2026-10-08,put,regular,52,0.8216,27,3.0
2026-09-11,33000,2026-10-08,put,regular,2734,0.8062,27,4.0
2026-09-11,34000,2026-10-08,put,regular,26,0.8002,27,6.0
2026-09-11,35000,2026-10-08,put,regular,2068,0.7765,27,7.0
2026-09-11,36000,2026-10-08,put,regular,42,0.7315,27,6.0
2026-09-11,37000,2026-10-08,put,regular,193,0.7342,27,10.0
2026-09-11,38000,2026-10-08,put,regular,35,0.7006,27,10.0
2026-09-11,39000,2026-10-08,put,regular,107,0.6919,27,14.0
2026-09-11,40000,2026-10-08,put,regular,4215,0.6732,27,17.0
2026-09-11,41000,2026-10-08,put,regular,144,0.6445,27,18.0
2026-09-11,42000,2026-10-08,put,regular,166,0.6197,27,20.0
2026-09-11,42750,2026-10-08,put,regular,31,0.6056,27,23.0
2026-09-11,43000,2026-10-08,put,regular,197,0.5976,27,23.0
2026-09-11,43250,2026-10-08,put,regular,15,0.5896,27,23.0
2026-09-11,43500,2026-10-08,put,regular,15,0.5876,27,25.0
2026-09-11,43750,2026-10-08,put,regular,13,0.5824,27,26.0
2026-09-11,44000,2026-10-08,put,regular,253,0.5849,27,30.0
2026-09-11,44250,2026-10-08,put,regular,36,0.5718,27,28.0
2026-09-11,44500,2026-10-08,put,regular,2,0.5688,27,30.0
2026-09-11,44750,2026-10-08,put,regular,37,0.5583,27,29.0
2026-09-11,45000,2026-10-08,put,regular,1648,0.5642,27,35.0
2026-09-11,45250,2026-10-08,put,regular,29,0.5643,27,39.0
2026-09-11,45500,2026-10-08,put,regular,608,0.56,27,41.0
2026-09-11,45750,2026-10-08,put,regular,143,0.5556,27,43.0
2026-09-11,46000,2026-10-08,put,regular,363,0.5492,27,44.0
2026-09-11,46250,2026-10-08,put,regular,13,0.5462,27,47.0
2026-09-11,46500,2026-10-08,put,regular,257,0.5396,27,48.0
2026-09-11,46750,2026-10-08,put,regular,131,0.5331,27,49.0
2026-09-11,47000,2026-10-08,put,regular,409,0.528,27,51.0
2026-09-11,47250,2026-10-08,put,regular,41,0.5243,27,54.0
2026-09-11,47500,2026-10-08,put,regular,43,0.5103,27,50.0
2026-09-11,47750,2026-10-08,put,regular,46,0.5136,27,58.0
2026-09-11,48000,2026-10-08,put,regular,762,0.5067,27,59.0
2026-09-11,48250,2026-10-08,put,regular,52,0.4998,27,60.0
2026-09-11,48500,2026-10-08,put,regular,197,0.4955,27,63.0
2026-09-11,48750,2026-10-08,put,regular,25,0.4897,27,65.0
2026-09-11,49000,2026-10-08,put,regular,269,0.4815,27,65.0
2026-09-11,49250,2026-10-08,put,regular,80,0.4757,27,67.0
2026-09-11,49500,2026-10-08,put,regular,209,0.4698,27,69.0
2026-09-11,49750,2026-10-08,put,regular,64,0.469,27,76.0
2026-09-11,50000,2026-10-08,put,regular,1597,0.4598,27,75.0
2026-09-11,50250,2026-10-08,put,regular,67,0.4575,27,81.0
2026-09-11,50500,2026-10-08,put,regular,425,0.4512,27,83.0
2026-09-11,50750,2026-10-08,put,regular,57,0.4457,27,86.0
2026-09-11,51000,2026-10-08,put,regular,448,0.4409,27,90.0
2026-09-11,51250,2026-10-08,put,regular,91,0.4352,27,93.0
2026-09-11,51500,2026-10-08,put,regular,439,0.4301,27,97.0
2026-09-11,51750,2026-10-08,put,regular,80,0.4242,27,100.0
2026-09-11,52000,2026-10-08,put,regular,1833,0.4196,27,105.0
2026-09-11,52250,2026-10-08,put,regular,47,0.4156,27,111.0
2026-09-11,52500,2026-10-08,put,regular,467,0.4093,27,114.0
2026-09-11,52750,2026-10-08,put,regular,123,0.4042,27,119.0
2026-09-11,53000,2026-10-08,put,regular,1342,0.399,27,124.0
2026-09-11,53250,2026-10-08,put,regular,74,0.3942,27,130.0
2026-09-11,53500,2026-10-08,put,regular,848,0.3892,27,136.0
2026-09-11,53750,2026-10-08,put,regular,40,0.3852,27,144.0
2026-09-11,54000,2026-10-08,put,regular,907,0.3804,27,151.0
2026-09-11,54250,2026-10-08,put,regular,69,0.3748,27,157.0
2026-09-11,54500,2026-10-08,put,regular,635,0.3706,27,166.0
2026-09-11,54750,2026-10-08,put,regular,63,0.3652,27,173.0
2026-09-11,55000,2026-10-08,put,regular,3823,0.3619,27,185.0
2026-09-11,55250,2026-10-08,put,regular,70,0.356,27,192.0
2026-09-11,55500,2026-10-08,put,regular,265,0.3513,27,202.0
2026-09-11,55750,2026-10-08,put,regular,96,0.3463,27,212.0
2026-09-11,56000,2026-10-08,put,regular,1234,0.3411,27,222.0
2026-09-11,56250,2026-10-08,put,regular,63,0.3375,27,237.0
2026-09-11,56500,2026-10-08,put,regular,637,0.3325,27,249.0
2026-09-11,56750,2026-10-08,put,regular,110,0.3283,27,264.0
2026-09-11,57000,2026-10-08,put,regular,922,0.3218,27,273.0
2026-09-11,57250,2026-10-08,put,regular,115,0.3189,27,294.0
2026-09-11,57500,2026-10-08,put,regular,346,0.314,27,310.0
2026-09-11,57750,2026-10-08,put,regular,76,0.31,27,330.0
2026-09-11,58000,2026-10-08,put,regular,2460,0.3042,27,345.0
2026-09-11,58250,2026-10-08,put,regular,119,0.3008,27,370.0
2026-09-11,58375,2026-10-08,put,regular,483,0.3022,27,395.0
2026-09-11,58500,2026-10-08,put,regular,345,0.2957,27,390.0
2026-09-11,58625,2026-10-08,put,regular,61,0.2968,27,415.0
2026-09-11,58750,2026-10-08,put,regular,48,0.2915,27,415.0
2026-09-11,58875,2026-10-08,put,regular,4,0.2922,27,440.0
2026-09-11,59000,2026-10-08,put,regular,812,0.2857,27,435.0
2026-09-11,59125,2026-10-08,put,regular,64,0.2838,27,450.0
2026-09-11,59250,2026-10-08,put,regular,161,0.283,27,470.0
2026-09-11,59375,2026-10-08,put,regular,2,0.2831,27,495.0
2026-09-11,59500,2026-10-08,put,regular,109,0.2786,27,500.0
2026-09-11,59625,2026-10-08,put,regular,20,0.2773,27,520.0
2026-09-11,59750,2026-10-08,put,regular,60,0.2748,27,535.0
2026-09-11,59875,2026-10-08,put,regular,66,0.2763,27,570.0
2026-09-11,60000,2026-10-08,put,regular,10942,0.2685,27,560.0
2026-09-11,60125,2026-10-08,put,regular,5,0.2687,27,590.0
2026-09-11,60250,2026-10-08,put,regular,144,0.2638,27,595.0
2026-09-11,60375,2026-10-08,put,regular,592,0.2646,27,630.0
2026-09-11,60500,2026-10-08,put,regular,304,0.2595,27,635.0
2026-09-11,60625,2026-10-08,put,regular,155,0.2627,27,685.0
2026-09-11,60750,2026-10-08,put,regular,183,0.2565,27,685.0
2026-09-11,60875,2026-10-08,put,regular,469,0.2575,27,725.0
2026-09-11,61000,2026-10-08,put,regular,635,0.2502,27,720.0
2026-09-11,61125,2026-10-08,put,regular,1210,0.2534,27,775.0
2026-09-11,61250,2026-10-08,put,regular,106,0.2486,27,785.0
2026-09-11,61375,2026-10-08,put,regular,126,0.2429,27,790.0
2026-09-11,61500,2026-10-08,put,regular,237,0.2438,27,835.0
2026-09-11,61625,2026-10-08,put,regular,136,0.2444,27,880.0
2026-09-11,61750,2026-10-08,put,regular,298,0.2391,27,890.0
2026-09-11,61875,2026-10-08,put,regular,22,0.2385,27,930.0
2026-09-11,62000,2026-10-08,put,regular,1344,0.2322,27,935.0
2026-09-11,62250,2026-10-08,put,regular,63,0.2301,27,1015.0
2026-09-11,62375,2026-10-08,put,regular,6,0.2318,27,1075.0
2026-09-11,62500,2026-10-08,put,regular,1613,0.2249,27,1080.0
2026-09-11,62625,2026-10-08,put,regular,130,0.2261,27,1140.0
2026-09-11,62750,2026-10-08,put,regular,196,0.2174,27,1135.0
2026-09-11,62875,2026-10-08,put,regular,86,0.2197,27,1205.0
2026-09-11,63000,2026-10-08,put,regular,1268,0.2144,27,1225.0
2026-09-11,63250,2026-10-08,put,regular,112,0.2111,27,1320.0
2026-09-11,63375,2026-10-08,put,regular,232,0.2095,27,1370.0
2026-09-11,63500,2026-10-08,put,regular,216,0.2033,27,1390.0
2026-09-11,63750,2026-10-08,put,regular,131,0.1974,27,1480.0
2026-09-11,63875,2026-10-08,put,regular,483,0.1955,27,1535.0
2026-09-11,64000,2026-10-08,put,regular,1726,0.1911,27,1575.0
2026-09-11,64125,2026-10-08,put,regular,1030,0.1894,27,1635.0
2026-09-11,64250,2026-10-08,put,regular,105,0.1859,27,1685.0
2026-09-11,64500,2026-10-08,put,regular,492,0.1755,27,1770.0
2026-09-11,64750,2026-10-08,put,regular,3,0.1673,27,1880.0
2026-09-11,65000,2026-10-08,put,regular,1916,0.1564,27,1985.0
2026-09-11,65250,2026-10-08,put,regular,2,0.1472,27,2115.0
2026-09-11,65375,2026-10-08,put,regular,231,0.1415,27,2180.0
2026-09-11,65500,2026-10-08,put,regular,144,0.1369,27,2255.0
2026-09-11,65750,2026-10-08,put,regular,116,0.1173,27,2375.0
2026-09-11,66000,2026-10-08,put,regular,1192,0.0908,27,2520.0
2026-09-11,66250,2026-10-08,put,regular,1,0.2,27,2655.0
2026-09-11,66375,2026-10-08,put,regular,1,0.2,27,2720.0
2026-09-11,66500,2026-10-08,put,regular,94,0.2,27,2810.0
2026-09-11,67000,2026-10-08,put,regular,511,0.2,27,3125.0
2026-09-11,67500,2026-10-08,put,regular,32,0.2,27,3450.0
2026-09-11,67625,2026-10-08,put,regular,6,0.2,27,3530.0
2026-09-11,67750,2026-10-08,put,regular,9,0.2,27,3620.0
2026-09-11,68000,2026-10-08,put,regular,542,0.2,27,3800.0
2026-09-11,68500,2026-10-08,put,regular,3,0.2,27,4170.0
2026-09-11,69000,2026-10-08,put,regular,210,0.2,27,4560.0
2026-09-11,70000,2026-10-08,put,regular,105,0.2,27,5385.0
2026-09-11,72500,2026-10-08,put,regular,1,0.2,27,7655.0
2026-09-11,73000,2026-10-08,put,regular,10,0.2,27,8125.0
2026-09-11,79000,2026-10-08,put,regular,1,0.2,27,14025.0
2026-09-11,85000,2026-10-08,put,regular,26,0.2,27,20010.0
2026-09-11,20000,2026-11-12,put,regular,117,0.9147,62,4.0
2026-09-11,25000,2026-11-12,put,regular,135,0.8083,62,10.0
2026-09-11,27000,2026-11-12,put,regular,6,0.7518,62,11.0
2026-09-11,28000,2026-11-12,put,regular,46,0.7338,62,13.0
2026-09-11,29000,2026-11-12,put,regular,304,0.7146,62,15.0
2026-09-11,30000,2026-11-12,put,regular,4645,0.7071,62,20.0
2026-09-11,35000,2026-11-12,put,regular,715,0.6164,62,38.0
2026-09-11,37000,2026-11-12,put,regular,2,0.5797,62,47.0
2026-09-11,38000,2026-11-12,put,regular,9,0.5643,62,54.0
2026-09-11,39000,2026-11-12,put,regular,100,0.5465,62,60.0
2026-09-11,40000,2026-11-12,put,regular,108,0.5404,62,77.0
2026-09-11,41000,2026-11-12,put,regular,206,0.5188,62,81.0
2026-09-11,42000,2026-11-12,put,regular,354,0.5094,62,99.0
2026-09-11,43000,2026-11-12,put,regular,266,0.5018,62,123.0
2026-09-11,44000,2026-11-12,put,regular,104,0.4788,62,127.0
2026-09-11,44500,2026-11-12,put,regular,101,0.4718,62,136.0
2026-09-11,44750,2026-11-12,put,regular,6,0.4684,62,141.0
2026-09-11,45000,2026-11-12,put,regular,1121,0.4644,62,145.0
2026-09-11,45250,2026-11-12,put,regular,105,0.4609,62,150.0
2026-09-11,45500,2026-11-12,put,regular,104,0.4626,62,165.0
2026-09-11,45750,2026-11-12,put,regular,8,0.4562,62,165.0
2026-09-11,46000,2026-11-12,put,regular,129,0.4539,62,173.0
2026-09-11,46250,2026-11-12,put,regular,4,0.4519,62,182.0
2026-09-11,46500,2026-11-12,put,regular,3,0.4483,62,188.0
2026-09-11,46750,2026-11-12,put,regular,4,0.4427,62,190.0
2026-09-11,47000,2026-11-12,put,regular,105,0.4368,62,191.0
2026-09-11,47250,2026-11-12,put,regular,34,0.4308,62,192.0
2026-09-11,47500,2026-11-12,put,regular,230,0.4244,62,192.0
2026-09-11,47750,2026-11-12,put,regular,98,0.4249,62,208.0
2026-09-11,48000,2026-11-12,put,regular,174,0.425,62,224.0
2026-09-11,48250,2026-11-12,put,regular,18,0.4224,62,234.0
2026-09-11,48500,2026-11-12,put,regular,13,0.4185,62,241.0
2026-09-11,48750,2026-11-12,put,regular,128,0.415,62,249.0
2026-09-11,49000,2026-11-12,put,regular,274,0.4102,62,254.0
2026-09-11,49250,2026-11-12,put,regular,147,0.4027,62,251.0
2026-09-11,49500,2026-11-12,put,regular,356,0.3986,62,258.0
2026-09-11,49750,2026-11-12,put,regular,60,0.3948,62,266.0
2026-09-11,50000,2026-11-12,put,regular,860,0.3932,62,281.0
2026-09-11,50250,2026-11-12,put,regular,77,0.3926,62,300.0
2026-09-11,50500,2026-11-12,put,regular,170,0.383,62,290.0
2026-09-11,50750,2026-11-12,put,regular,115,0.381,62,305.0
2026-09-11,51000,2026-11-12,put,regular,612,0.3816,62,330.0
2026-09-11,51250,2026-11-12,put,regular,10,0.3778,62,340.0
2026-09-11,51500,2026-11-12,put,regular,366,0.3711,62,340.0
2026-09-11,51750,2026-11-12,put,regular,57,0.3698,62,360.0
2026-09-11,52000,2026-11-12,put,regular,1473,0.3643,62,365.0
2026-09-11,52250,2026-11-12,put,regular,8,0.3602,62,375.0
2026-09-11,52500,2026-11-12,put,regular,462,0.3559,62,385.0
2026-09-11,52750,2026-11-12,put,regular,19,0.3539,62,405.0
2026-09-11,53000,2026-11-12,put,regular,171,0.3495,62,415.0
2026-09-11,53250,2026-11-12,put,regular,37,0.3461,62,430.0
2026-09-11,53500,2026-11-12,put,regular,533,0.3447,62,455.0
2026-09-11,53750,2026-11-12,put,regular,40,0.3399,62,465.0
2026-09-11,54000,2026-11-12,put,regular,647,0.3442,62,520.0
2026-09-11,54250,2026-11-12,put,regular,9,0.3332,62,500.0
2026-09-11,54500,2026-11-12,put,regular,901,0.333,62,535.0
2026-09-11,54750,2026-11-12,put,regular,3,0.3268,62,540.0
2026-09-11,55000,2026-11-12,put,regular,517,0.3234,62,560.0
2026-09-11,55250,2026-11-12,put,regular,33,0.3199,62,580.0
2026-09-11,55500,2026-11-12,put,regular,166,0.3249,62,650.0
2026-09-11,55750,2026-11-12,put,regular,34,0.3141,62,630.0
2026-09-11,56000,2026-11-12,put,regular,651,0.3109,62,655.0
2026-09-11,56250,2026-11-12,put,regular,64,0.3075,62,680.0
2026-09-11,56500,2026-11-12,put,regular,389,0.3048,62,710.0
2026-09-11,56750,2026-11-12,put,regular,52,0.3011,62,735.0
2026-09-11,57000,2026-11-12,put,regular,743,0.2965,62,755.0
2026-09-11,57250,2026-11-12,put,regular,105,0.2954,62,800.0
2026-09-11,57500,2026-11-12,put,regular,451,0.2927,62,835.0
2026-09-11,57750,2026-11-12,put,regular,123,0.2952,62,910.0
2026-09-11,58000,2026-11-12,put,regular,711,0.2871,62,910.0
2026-09-11,58250,2026-11-12,put,regular,86,0.2843,62,950.0
2026-09-11,58500,2026-11-12,put,regular,342,0.2826,62,1000.0
2026-09-11,58750,2026-11-12,put,regular,13,0.2794,62,1040.0
2026-09-11,59000,2026-11-12,put,regular,372,0.2777,62,1095.0
2026-09-11,59250,2026-11-12,put,regular,6,0.277,62,1160.0
2026-09-11,59500,2026-11-12,put,regular,1965,0.2724,62,1195.0
2026-09-11,59750,2026-11-12,put,regular,1,0.2711,62,1260.0
2026-09-11,60000,2026-11-12,put,regular,657,0.2622,62,1260.0
2026-09-11,60250,2026-11-12,put,regular,17,0.2637,62,1355.0
2026-09-11,60500,2026-11-12,put,regular,103,0.2626,62,1430.0
2026-09-11,60750,2026-11-12,put,regular,28,0.2596,62,1490.0
2026-09-11,61000,2026-11-12,put,regular,621,0.2584,62,1570.0
2026-09-11,61250,2026-11-12,put,regular,16,0.2548,62,1630.0
2026-09-11,61500,2026-11-12,put,regular,18,0.2525,62,1705.0
2026-09-11,61875,2026-11-12,put,regular,2030000,0.2477,62,1810.0
2026-09-11,62000,2026-11-12,put,regular,1223,0.2459,62,1845.0
2026-09-11,62250,2026-11-12,put,regular,12,0.2436,62,1930.0
2026-09-11,62500,2026-11-12,put,regular,355,0.2356,62,1960.0
2026-09-11,62875,2026-11-12,put,regular,5,0.2371,62,2150.0
2026-09-11,63000,2026-11-12,put,regular,563,0.2323,62,2160.0
2026-09-11,63500,2026-11-12,put,regular,5,0.226,62,2345.0
2026-09-11,63750,2026-11-12,put,regular,2730000,0.2216,62,2430.0
2026-09-11,63875,2026-11-12,put,regular,2785000,0.2204,62,2485.0
2026-09-11,64000,2026-11-12,put,regular,466,0.2172,62,2520.0
2026-09-11,64500,2026-11-12,put,regular,300,0.2086,62,2715.0
2026-09-11,65000,2026-11-12,put,regular,901,0.203,62,2960.0
2026-09-11,65375,2026-11-12,put,regular,30,0.1986,62,3155.0
2026-09-11,65500,2026-11-12,put,regular,100,0.1964,62,3215.0
2026-09-11,66000,2026-11-12,put,regular,1720,0.1869,62,3465.0
2026-09-11,66500,2026-11-12,put,regular,239,0.1768,62,3735.0
2026-09-11,67000,2026-11-12,put,regular,870,0.1655,62,4025.0
2026-09-11,67500,2026-11-12,put,regular,4,0.1536,62,4345.0
2026-09-11,68375,2026-11-12,put,regular,16,0.1055,62,4900.0
2026-09-11,68500,2026-11-12,put,regular,478,0.2,62,4980.0
2026-09-11,69000,2026-11-12,put,regular,450,0.2,62,5320.0
2026-09-11,69500,2026-11-12,put,regular,1,0.2,62,5680.0
2026-09-11,70000,2026-11-12,put,regular,460,0.2,62,6040.0
2026-09-11,70750,2026-11-12,put,regular,160,0.2,62,6650.0
2026-09-11,72500,2026-11-12,put,regular,330,0.2,62,8075.0
2026-09-11,79500,2026-11-12,put,regular,2,0.2,62,14535.0
2026-09-11,12500,2026-12-10,put,regular,858,1.0034,90,2.0
2026-09-11,13000,2026-12-10,put,regular,5,1.0108,90,3.0
2026-09-11,13500,2026-12-10,put,regular,100,0.9096,90,1.0
2026-09-11,14000,2026-12-10,put,regular,11,0.9343,90,2.0
2026-09-11,14500,2026-12-10,put,regular,1,0.8682,90,1.0
2026-09-11,14750,2026-12-10,put,regular,1,0.8583,90,1.0
2026-09-11,15000,2026-12-10,put,regular,4,0.8924,90,2.0
2026-09-11,16000,2026-12-10,put,regular,3,0.8113,90,1.0
2026-09-11,16500,2026-12-10,put,regular,1,0.7936,90,1.0
2026-09-11,17000,2026-12-10,put,regular,3,0.7764,90,1.0
2026-09-11,18000,2026-12-10,put,regular,153,0.782,90,2.0
2026-09-11,19000,2026-12-10,put,regular,650,0.7124,90,1.0
2026-09-11,20000,2026-12-10,put,regular,2420,0.8156,90,9.0
2026-09-11,20250,2026-12-10,put,regular,3,0.6757,90,1.0
2026-09-11,21000,2026-12-10,put,regular,350,0.6549,90,1.0
2026-09-11,21500,2026-12-10,put,regular,500,0.6414,90,1.0
2026-09-11,22000,2026-12-10,put,regular,1716,0.661,90,2.0
2026-09-11,22500,2026-12-10,put,regular,150,0.6684,90,3.0
2026-09-11,23000,2026-12-10,put,regular,2106,0.6705,90,4.0
2026-09-11,23500,2026-12-10,put,regular,127,0.6804,90,6.0
2026-09-11,24000,2026-12-10,put,regular,405,0.6759,90,7.0
2026-09-11,24500,2026-12-10,put,regular,250,0.6779,90,9.0
2026-09-11,24750,2026-12-10,put,regular,1,0.671,90,9.0
2026-09-11,25000,2026-12-10,put,regular,2014,0.6709,90,10.0
2026-09-11,25250,2026-12-10,put,regular,1,0.6703,90,11.0
2026-09-11,25500,2026-12-10,put,regular,2,0.6692,90,12.0
2026-09-11,26000,2026-12-10,put,regular,1425,0.661,90,13.0
2026-09-11,26500,2026-12-10,put,regular,1,0.6525,90,14.0
2026-09-11,27000,2026-12-10,put,regular,2630,0.6439,90,15.0
2026-09-11,27500,2026-12-10,put,regular,25,0.6392,90,17.0
2026-09-11,27750,2026-12-10,put,regular,72,0.6365,90,18.0
2026-09-11,28000,2026-12-10,put,regular,1331,0.6301,90,18.0
2026-09-11,28500,2026-12-10,put,regular,400,0.6243,90,20.0
2026-09-11,29000,2026-12-10,put,regular,1450,0.6181,90,22.0
2026-09-11,30000,2026-12-10,put,regular,7953,0.6169,90,31.0
2026-09-11,30500,2026-12-10,put,regular,51,0.5946,90,27.0
2026-09-11,31000,2026-12-10,put,regular,2037,0.5872,90,29.0
2026-09-11,31500,2026-12-10,put,regular,350,0.5818,90,32.0
2026-09-11,32000,2026-12-10,put,regular,4655,0.5739,90,34.0
2026-09-11,32250,2026-12-10,put,regular,600,0.5699,90,35.0
2026-09-11,32500,2026-12-10,put,regular,900,0.5659,90,36.0
2026-09-11,33000,2026-12-10,put,regular,3362,0.5596,90,39.0
2026-09-11,33250,2026-12-10,put,regular,37,0.5554,90,40.0
2026-09-11,33500,2026-12-10,put,regular,72,0.5512,90,41.0
2026-09-11,34000,2026-12-10,put,regular,2820,0.546,90,45.0
2026-09-11,34500,2026-12-10,put,regular,560,0.5374,90,47.0
2026-09-11,34750,2026-12-10,put,regular,1,0.5345,90,49.0
2026-09-11,35000,2026-12-10,put,regular,5037,0.5343,90,53.0
2026-09-11,36000,2026-12-10,put,regular,2905,0.5152,90,56.0
2026-09-11,36500,2026-12-10,put,regular,225,0.5402,90,91.0
2026-09-11,36750,2026-12-10,put,regular,400,0.536,90,93.0
2026-09-11,37000,2026-12-10,put,regular,2635,0.5327,90,96.0
2026-09-11,37500,2026-12-10,put,regular,188,0.525,90,101.0
2026-09-11,37750,2026-12-10,put,regular,100,0.5207,90,103.0
2026-09-11,38000,2026-12-10,put,regular,2686,0.5171,90,106.0
2026-09-11,38500,2026-12-10,put,regular,1150,0.5099,90,112.0
2026-09-11,38750,2026-12-10,put,regular,50,0.5063,90,115.0
2026-09-11,39000,2026-12-10,put,regular,2405,0.5026,90,118.0
2026-09-11,39250,2026-12-10,put,regular,650,0.4988,90,121.0
2026-09-11,39500,2026-12-10,put,regular,1008,0.495,90,124.0
2026-09-11,40000,2026-12-10,put,regular,5302,0.488,90,131.0
2026-09-11,40250,2026-12-10,put,regular,5,0.4841,90,134.0
2026-09-11,40500,2026-12-10,put,regular,1399,0.4808,90,138.0
2026-09-11,41000,2026-12-10,put,regular,1927,0.4734,90,145.0
2026-09-11,41250,2026-12-10,put,regular,3,0.4699,90,149.0
2026-09-11,41500,2026-12-10,put,regular,101,0.4658,90,152.0
2026-09-11,42000,2026-12-10,put,regular,3702,0.4587,90,160.0
2026-09-11,42500,2026-12-10,put,regular,300,0.4518,90,169.0
2026-09-11,43000,2026-12-10,put,regular,2282,0.4448,90,178.0
2026-09-11,43500,2026-12-10,put,regular,100,0.438,90,188.0
2026-09-11,43750,2026-12-10,put,regular,9,0.4346,90,193.0
2026-09-11,44000,2026-12-10,put,regular,2900,0.4311,90,198.0
2026-09-11,45000,2026-12-10,put,regular,2725,0.4177,90,221.0
2026-09-11,45250,2026-12-10,put,regular,51,0.4143,90,227.0
2026-09-11,45500,2026-12-10,put,regular,350,0.4109,90,233.0
2026-09-11,46000,2026-12-10,put,regular,3857,0.4049,90,248.0
2026-09-11,46500,2026-12-10,put,regular,100,0.3983,90,262.0
2026-09-11,47000,2026-12-10,put,regular,2846,0.3917,90,277.0
2026-09-11,47500,2026-12-10,put,regular,1121,0.385,90,292.0
2026-09-11,47750,2026-12-10,put,regular,2,0.383,90,305.0
2026-09-11,48000,2026-12-10,put,regular,4167,0.3788,90,310.0
2026-09-11,48250,2026-12-10,put,regular,3,0.3759,90,320.0
2026-09-11,48500,2026-12-10,put,regular,302,0.3729,90,330.0
2026-09-11,48750,2026-12-10,put,regular,2,0.3698,90,340.0
2026-09-11,49000,2026-12-10,put,regular,3629,0.3666,90,350.0
2026-09-11,49250,2026-12-10,put,regular,203,0.3658,90,370.0
2026-09-11,49500,2026-12-10,put,regular,2719,0.3613,90,375.0
2026-09-11,49750,2026-12-10,put,regular,73,0.3579,90,385.0
2026-09-11,50000,2026-12-10,put,regular,9147,0.3544,90,395.0
2026-09-11,50250,2026-12-10,put,regular,16,0.3531,90,415.0
2026-09-11,50500,2026-12-10,put,regular,1178,0.3484,90,420.0
2026-09-11,50750,2026-12-10,put,regular,47,0.3458,90,435.0
2026-09-11,51000,2026-12-10,put,regular,1565,0.3441,90,455.0
2026-09-11,51250,2026-12-10,put,regular,2,0.3403,90,465.0
2026-09-11,51500,2026-12-10,put,regular,20,0.3374,90,480.0
2026-09-11,52000,2026-12-10,put,regular,2766,0.3322,90,515.0
2026-09-11,52250,2026-12-10,put,regular,525,0.329,90,530.0
2026-09-11,52500,2026-12-10,put,regular,600,0.3257,90,545.0
2026-09-11,53000,2026-12-10,put,regular,1863,0.3205,90,585.0
2026-09-11,53250,2026-12-10,put,regular,188,0.3177,90,605.0
2026-09-11,53500,2026-12-10,put,regular,207,0.3165,90,635.0
2026-09-11,53750,2026-12-10,put,regular,11,0.3127,90,650.0
2026-09-11,54000,2026-12-10,put,regular,3083,0.3096,90,670.0
2026-09-11,54500,2026-12-10,put,regular,780,0.3045,90,720.0
2026-09-11,54750,2026-12-10,put,regular,32,0.3025,90,750.0
2026-09-11,55000,2026-12-10,put,regular,5022,0.2996,90,775.0
2026-09-11,55250,2026-12-10,put,regular,1,0.2973,90,805.0
2026-09-11,55500,2026-12-10,put,regular,101,0.2942,90,830.0
2026-09-11,55750,2026-12-10,put,regular,22,0.2922,90,865.0
2026-09-11,56000,2026-12-10,put,regular,2628,0.2901,90,900.0
2026-09-11,56250,2026-12-10,put,regular,11,0.2891,90,945.0
2026-09-11,56500,2026-12-10,put,regular,321,0.286,90,975.0
2026-09-11,56750,2026-12-10,put,regular,12,0.2834,90,1010.0
2026-09-11,57000,2026-12-10,put,regular,2486,0.2784,90,1025.0
2026-09-11,57250,2026-12-10,put,regular,28,0.2778,90,1080.0
2026-09-11,57500,2026-12-10,put,regular,850,0.2758,90,1125.0
2026-09-11,58000,2026-12-10,put,regular,1937,0.2724,90,1225.0
2026-09-11,58250,2026-12-10,put,regular,65,0.2684,90,1255.0
2026-09-11,58500,2026-12-10,put,regular,850,0.2668,90,1310.0
2026-09-11,59000,2026-12-10,put,regular,2425,0.2614,90,1405.0
2026-09-11,59250,2026-12-10,put,regular,60,0.2602,90,1470.0
2026-09-11,59500,2026-12-10,put,regular,250,0.2578,90,1525.0
2026-09-11,60000,2026-12-10,put,regular,9860,0.2551,90,1665.0
2026-09-11,60250,2026-12-10,put,regular,36,0.2517,90,1715.0
2026-09-11,60500,2026-12-10,put,regular,200,0.2493,90,1780.0
2026-09-11,61000,2026-12-10,put,regular,1336,0.245,90,1920.0
2026-09-11,61250,2026-12-10,put,regular,42,0.2424,90,1990.0
2026-09-11,61500,2026-12-10,put,regular,1,0.2406,90,2070.0
2026-09-11,62000,2026-12-10,put,regular,2961,0.2361,90,2230.0
2026-09-11,62250,2026-12-10,put,regular,250,0.2343,90,2320.0
2026-09-11,62500,2026-12-10,put,regular,1087,0.2318,90,2405.0
2026-09-11,63000,2026-12-10,put,regular,2493,0.2274,90,2590.0
2026-09-11,63250,2026-12-10,put,regular,23,0.2251,90,2685.0
2026-09-11,63500,2026-12-10,put,regular,600,0.2228,90,2785.0
2026-09-11,63750,2026-12-10,put,regular,23,0.2219,90,2905.0
2026-09-11,64000,2026-12-10,put,regular,1956,0.2199,90,3015.0
2026-09-11,64500,2026-12-10,put,regular,75,0.2146,90,3230.0
2026-09-11,65000,2026-12-10,put,regular,4462,0.2093,90,3460.0
2026-09-11,65500,2026-12-10,put,regular,605,0.2043,90,3710.0
2026-09-11,65750,2026-12-10,put,regular,15,0.2013,90,3835.0
2026-09-11,66000,2026-12-10,put,regular,1038,0.1959,90,3935.0
2026-09-11,66500,2026-12-10,put,regular,750,0.1896,90,4205.0
2026-09-11,67000,2026-12-10,put,regular,1590,0.1825,90,4485.0
2026-09-11,67250,2026-12-10,put,regular,25,0.1786,90,4630.0
2026-09-11,67500,2026-12-10,put,regular,25,0.1742,90,4775.0
2026-09-11,68000,2026-12-10,put,regular,1900,0.165,90,5080.0
2026-09-11,68500,2026-12-10,put,regular,203,0.1535,90,5395.0
2026-09-11,68750,2026-12-10,put,regular,100,0.1471,90,5560.0
2026-09-11,69000,2026-12-10,put,regular,1570,0.1407,90,5735.0
2026-09-11,70000,2026-12-10,put,regular,1653,0.2,90,6435.0
2026-09-11,71000,2026-12-10,put,regular,31,0.2,90,7155.0
2026-09-11,72000,2026-12-10,put,regular,120,0.2,90,7940.0
2026-09-11,72500,2026-12-10,put,regular,420,0.2,90,8340.0
2026-09-11,74000,2026-12-10,put,regular,100,0.2,90,9585.0
2026-09-11,76000,2026-12-10,put,regular,300,0.2,90,11335.0
2026-09-11,80000,2026-12-10,put,regular,3700,0.2,90,15050.0
2026-09-11,90000,2026-12-10,put,regular,3,0.2,90,24840.0
2026-09-11,41000,2027-01-07,put,regular,1,0.423,118,165.0
2026-09-11,44000,2027-01-07,put,regular,331,0.3891,118,234.0
2026-09-11,45000,2027-01-07,put,regular,1000,0.3784,118,264.0
2026-09-11,47000,2027-01-07,put,regular,98,0.3654,118,370.0
2026-09-11,48000,2027-01-07,put,regular,200,0.3546,118,415.0
2026-09-11,48750,2027-01-07,put,regular,10,0.3471,118,455.0
2026-09-11,50000,2027-01-07,put,regular,315,0.3337,118,525.0
2026-09-11,52000,2027-01-07,put,regular,300,0.3116,118,655.0
2026-09-11,52500,2027-01-07,put,regular,20,0.3078,118,705.0
2026-09-11,53750,2027-01-07,put,regular,10,0.297,118,835.0
2026-09-11,55000,2027-01-07,put,regular,100,0.287,118,995.0
2026-09-11,57000,2027-01-07,put,regular,60,0.2713,118,1315.0
2026-09-11,58000,2027-01-07,put,regular,57,0.2635,118,1510.0
2026-09-11,60000,2027-01-07,put,regular,186,0.2488,118,1995.0
2026-09-11,60500,2027-01-07,put,regular,42,0.245,118,2135.0
2026-09-11,61000,2027-01-07,put,regular,1,0.2413,118,2285.0
2026-09-11,61500,2027-01-07,put,regular,50,0.2376,118,2445.0
2026-09-11,64000,2027-01-07,put,regular,100,0.2182,118,3390.0
2026-09-11,65000,2027-01-07,put,regular,3,0.2097,118,3840.0
2026-09-11,65500,2027-01-07,put,regular,1,0.2054,118,4085.0
2026-09-11,65750,2027-01-07,put,regular,1,0.2027,118,4205.0
2026-09-11,66000,2027-01-07,put,regular,110,0.2004,118,4335.0
2026-09-11,66500,2027-01-07,put,regular,3,0.1962,118,4610.0
2026-09-11,67000,2027-01-07,put,regular,2,0.1905,118,4880.0
2026-09-11,67500,2027-01-07,put,regular,1,0.185,118,5170.0
2026-09-11,67750,2027-01-07,put,regular,1,0.1822,118,5320.0
2026-09-11,45000,2027-02-10,put,regular,300,0.3568,152,360.0
2026-09-11,47000,2027-02-10,put,regular,125,0.3404,152,465.0
2026-09-11,57500,2027-02-10,put,regular,100,0.2632,152,1760.0
2026-09-11,65000,2027-02-10,put,regular,275,0.2126,152,4290.0
2026-09-11,67000,2027-02-10,put,regular,2,0.1972,152,5320.0
2026-09-11,67250,2027-02-10,put,regular,12,0.1951,152,5460.0
2026-09-11,20000,2027-03-11,put,regular,15,0.6229,181,20.0
2026-09-11,29000,2027-03-11,put,regular,1,0.5046,181,72.0
2026-09-11,30000,2027-03-11,put,regular,2,0.4935,181,82.0
2026-09-11,33000,2027-03-11,put,regular,113,0.4605,181,118.0
2026-09-11,35000,2027-03-11,put,regular,600,0.4386,181,147.0
2026-09-11,37000,2027-03-11,put,regular,500,0.4181,181,184.0
2026-09-11,38000,2027-03-11,put,regular,300,0.408,181,205.0
2026-09-11,40000,2027-03-11,put,regular,1471,0.3881,181,254.0
2026-09-11,41000,2027-03-11,put,regular,250,0.3786,181,283.0
2026-09-11,42000,2027-03-11,put,regular,534,0.3704,181,320.0
2026-09-11,42500,2027-03-11,put,regular,200,0.3651,181,335.0
2026-09-11,43000,2027-03-11,put,regular,114,0.3608,181,355.0
2026-09-11,43500,2027-03-11,put,regular,66,0.3563,181,375.0
2026-09-11,43750,2027-03-11,put,regular,12,0.354,181,385.0
2026-09-11,44000,2027-03-11,put,regular,275,0.3516,181,395.0
2026-09-11,45000,2027-03-11,put,regular,1694,0.3427,181,440.0
2026-09-11,46000,2027-03-11,put,regular,116,0.3347,181,495.0
2026-09-11,47000,2027-03-11,put,regular,950,0.3265,181,555.0
2026-09-11,48000,2027-03-11,put,regular,399,0.3189,181,625.0
2026-09-11,48500,2027-03-11,put,regular,51,0.3147,181,660.0
2026-09-11,49000,2027-03-11,put,regular,102,0.3109,181,700.0
2026-09-11,50000,2027-03-11,put,regular,1404,0.3037,181,790.0
2026-09-11,50250,2027-03-11,put,regular,112,0.302,181,815.0
2026-09-11,51000,2027-03-11,put,regular,24,0.2965,181,890.0
2026-09-11,51250,2027-03-11,put,regular,108,0.2945,181,915.0
2026-09-11,52000,2027-03-11,put,regular,2220,0.2897,181,1005.0
2026-09-11,52500,2027-03-11,put,regular,50,0.286,181,1065.0
2026-09-11,53000,2027-03-11,put,regular,825,0.2826,181,1130.0
2026-09-11,53500,2027-03-11,put,regular,200,0.2797,181,1205.0
2026-09-11,54000,2027-03-11,put,regular,534,0.2764,181,1280.0
2026-09-11,55000,2027-03-11,put,regular,966,0.27,181,1445.0
2026-09-11,55500,2027-03-11,put,regular,100,0.2669,181,1535.0
2026-09-11,56000,2027-03-11,put,regular,651,0.2637,181,1630.0
2026-09-11,56250,2027-03-11,put,regular,120,0.2622,181,1680.0
2026-09-11,57000,2027-03-11,put,regular,1775,0.2581,181,1845.0
2026-09-11,58000,2027-03-11,put,regular,2905,0.2522,181,2080.0
2026-09-11,58500,2027-03-11,put,regular,110,0.2495,181,2210.0
2026-09-11,59500,2027-03-11,put,regular,453,0.2436,181,2485.0
2026-09-11,60000,2027-03-11,put,regular,2382,0.2411,181,2640.0
2026-09-11,61000,2027-03-11,put,regular,160,0.2356,181,2965.0
2026-09-11,62000,2027-03-11,put,regular,1020,0.2301,181,3325.0
2026-09-11,62500,2027-03-11,put,regular,500,0.2273,181,3515.0
2026-09-11,63000,2027-03-11,put,regular,1548,0.2247,181,3720.0
2026-09-11,64000,2027-03-11,put,regular,1255,0.2191,181,4150.0
2026-09-11,65000,2027-03-11,put,regular,880,0.2133,181,4615.0
2026-09-11,66000,2027-03-11,put,regular,328,0.2074,181,5120.0
2026-09-11,66250,2027-03-11,put,regular,15,0.2058,181,5250.0
2026-09-11,66500,2027-03-11,put,regular,16,0.2043,181,5385.0
2026-09-11,67000,2027-03-11,put,regular,300,0.201,181,5660.0
2026-09-11,68000,2027-03-11,put,regular,130,0.194,181,6235.0
2026-09-11,69000,2027-03-11,put,regular,350,0.1865,181,6850.0
2026-09-11,69250,2027-03-11,put,regular,10,0.1841,181,7005.0
2026-09-11,70000,2027-03-11,put,regular,480,0.1774,181,7495.0
2026-09-11,72000,2027-03-11,put,regular,100,0.1524,181,8885.0
2026-09-11,62000,2027-04-08,put,regular,30,0.2365,209,3740.0
2026-09-11,48000,2027-05-13,put,regular,100,0.311,244,950.0
2026-09-11,12500,2027-06-10,put,regular,12,0.5774,272,2.0
2026-09-11,14500,2027-06-10,put,regular,4,0.5655,272,5.0
2026-09-11,15000,2027-06-10,put,regular,1,0.5615,272,6.0
2026-09-11,16250,2027-06-10,put,regular,167,0.5508,272,9.0
2026-09-11,23000,2027-06-10,put,regular,140,0.5056,272,55.0
2026-09-11,24000,2027-06-10,put,regular,100,0.4964,272,65.0
2026-09-11,25000,2027-06-10,put,regular,250,0.4879,272,77.0
2026-09-11,26000,2027-06-10,put,regular,200,0.4791,272,90.0
2026-09-11,28000,2027-06-10,put,regular,875,0.4609,272,119.0
2026-09-11,28500,2027-06-10,put,regular,100,0.4563,272,127.0
2026-09-11,29000,2027-06-10,put,regular,65,0.4515,272,135.0
2026-09-11,30000,2027-06-10,put,regular,901,0.4425,272,153.0
2026-09-11,31000,2027-06-10,put,regular,100,0.4334,272,172.0
2026-09-11,31500,2027-06-10,put,regular,1,0.4287,272,182.0
2026-09-11,32000,2027-06-10,put,regular,250,0.424,272,192.0
2026-09-11,33000,2027-06-10,put,regular,150,0.4149,272,214.0
2026-09-11,34000,2027-06-10,put,regular,1300,0.4059,272,238.0
2026-09-11,35000,2027-06-10,put,regular,1328,0.397,272,264.0
2026-09-11,35500,2027-06-10,put,regular,145,0.3926,272,278.0
2026-09-11,36000,2027-06-10,put,regular,300,0.3884,272,293.0
2026-09-11,37000,2027-06-10,put,regular,50,0.38,272,325.0
2026-09-11,38000,2027-06-10,put,regular,201,0.3717,272,360.0
2026-09-11,38500,2027-06-10,put,regular,140,0.3679,272,380.0
2026-09-11,39000,2027-06-10,put,regular,50,0.3639,272,400.0
2026-09-11,39500,2027-06-10,put,regular,101,0.3598,272,420.0
2026-09-11,40000,2027-06-10,put,regular,1150,0.3555,272,440.0
2026-09-11,41000,2027-06-10,put,regular,100,0.3483,272,490.0
2026-09-11,42000,2027-06-10,put,regular,400,0.3404,272,540.0
2026-09-11,42500,2027-06-10,put,regular,61,0.337,272,570.0
2026-09-11,43000,2027-06-10,put,regular,35,0.3334,272,600.0
2026-09-11,43750,2027-06-10,put,regular,2,0.3284,272,650.0
2026-09-11,44000,2027-06-10,put,regular,196,0.3264,272,665.0
2026-09-11,45000,2027-06-10,put,regular,2075,0.3198,272,740.0
2026-09-11,46000,2027-06-10,put,regular,773,0.3131,272,820.0
2026-09-11,46500,2027-06-10,put,regular,70,0.31,272,865.0
2026-09-11,47000,2027-06-10,put,regular,201,0.3067,272,910.0
2026-09-11,47750,2027-06-10,put,regular,100,0.302,272,985.0
2026-09-11,48000,2027-06-10,put,regular,1879,0.3009,272,1015.0
2026-09-11,49000,2027-06-10,put,regular,300,0.2951,272,1130.0
2026-09-11,50000,2027-06-10,put,regular,2130,0.2893,272,1255.0
2026-09-11,50500,2027-06-10,put,regular,325,0.2866,272,1325.0
2026-09-11,51000,2027-06-10,put,regular,100,0.2841,272,1400.0
2026-09-11,51250,2027-06-10,put,regular,3,0.2825,272,1435.0
2026-09-11,52000,2027-06-10,put,regular,1105,0.279,272,1560.0
2026-09-11,52250,2027-06-10,put,regular,88,0.2776,272,1600.0
2026-09-11,52500,2027-06-10,put,regular,187,0.2764,272,1645.0
2026-09-11,52750,2027-06-10,put,regular,750,0.2752,272,1690.0
2026-09-11,53000,2027-06-10,put,regular,720,0.274,272,1735.0
2026-09-11,53500,2027-06-10,put,regular,1,0.2715,272,1830.0
2026-09-11,53750,2027-06-10,put,regular,35,0.2704,272,1880.0
2026-09-11,54000,2027-06-10,put,regular,1705,0.2691,272,1930.0
2026-09-11,55000,2027-06-10,put,regular,1500,0.2645,272,2145.0
2026-09-11,55500,2027-06-10,put,regular,255,0.2622,272,2260.0
2026-09-11,56000,2027-06-10,put,regular,888,0.2602,272,2385.0
2026-09-11,56500,2027-06-10,put,regular,40,0.2578,272,2510.0
2026-09-11,57000,2027-06-10,put,regular,1045,0.2558,272,2645.0
2026-09-11,57750,2027-06-10,put,regular,112,0.2525,272,2855.0
2026-09-11,58000,2027-06-10,put,regular,617,0.2516,272,2930.0
2026-09-11,58500,2027-06-10,put,regular,401,0.2494,272,3080.0
2026-09-11,59000,2027-06-10,put,regular,535,0.2474,272,3240.0
2026-09-11,59500,2027-06-10,put,regular,212,0.2454,272,3405.0
2026-09-11,60000,2027-06-10,put,regular,2106,0.2433,272,3575.0
2026-09-11,61000,2027-06-10,put,regular,3,0.2393,272,3940.0
2026-09-11,62000,2027-06-10,put,regular,800,0.2352,272,4330.0
2026-09-11,63000,2027-06-10,put,regular,950,0.2312,272,4750.0
2026-09-11,64000,2027-06-10,put,regular,250,0.2272,272,5200.0
2026-09-11,64750,2027-06-10,put,regular,104,0.2241,272,5555.0
2026-09-11,65000,2027-06-10,put,regular,1888,0.2232,272,5680.0
2026-09-11,65500,2027-06-10,put,regular,26,0.2209,272,5925.0
2026-09-11,66000,2027-06-10,put,regular,425,0.2189,272,6185.0
2026-09-11,66750,2027-06-10,put,regular,150,0.2154,272,6580.0
2026-09-11,67000,2027-06-10,put,regular,1070,0.2144,272,6720.0
2026-09-11,67500,2027-06-10,put,regular,100,0.212,272,6995.0
2026-09-11,68000,2027-06-10,put,regular,600,0.2096,272,7280.0
2026-09-11,68500,2027-06-10,put,regular,200,0.2074,272,7575.0
2026-09-11,69000,2027-06-10,put,regular,500,0.2046,272,7870.0
2026-09-11,70000,2027-06-10,put,regular,700,0.1994,272,8490.0
2026-09-11,72000,2027-06-10,put,regular,100,0.1867,272,9800.0
2026-09-11,77500,2027-06-10,put,regular,50,0.2,272,13885.0
2026-09-11,67000,2027-07-08,put,regular,58,0.2141,300,6940.0
2026-09-11,27000,2027-09-09,put,regular,150,0.4253,363,139.0
2026-09-11,31000,2027-09-09,put,regular,200,0.3921,363,222.0
2026-09-11,32000,2027-09-09,put,regular,150,0.3842,363,248.0
2026-09-11,45000,2027-09-09,put,regular,100,0.3028,363,1005.0
2026-09-11,47000,2027-09-09,put,regular,200,0.2925,363,1230.0
2026-09-11,48000,2027-09-09,put,regular,100,0.2875,363,1360.0
2026-09-11,49000,2027-09-09,put,regular,200,0.2829,363,1505.0
2026-09-11,50000,2027-09-09,put,regular,125,0.2782,363,1660.0
2026-09-11,52000,2027-09-09,put,regular,3,0.2691,363,2015.0
2026-09-11,53000,2027-09-09,put,regular,300,0.2647,363,2215.0
2026-09-11,54250,2027-09-09,put,regular,200,0.2595,363,2495.0
2026-09-11,55000,2027-09-09,put,regular,600,0.2564,363,2675.0
2026-09-11,56000,2027-09-09,put,regular,80,0.2521,363,2930.0
2026-09-11,58000,2027-09-09,put,regular,1,0.2442,363,3510.0
2026-09-11,60000,2027-09-09,put,regular,360,0.2363,363,4175.0
2026-09-11,62000,2027-09-09,put,regular,189,0.2287,363,4940.0
2026-09-11,64500,2027-09-09,put,regular,92,0.219,363,6035.0
2026-09-11,65000,2027-09-09,put,regular,300,0.2171,363,6275.0
2026-09-11,67000,2027-09-09,put,regular,30,0.2091,363,7295.0
2026-09-11,68250,2027-09-09,put,regular,200,0.2041,363,7990.0
2026-09-11,68750,2027-09-09,put,regular,93,0.2019,363,8275.0
2026-09-11,12500,2027-12-09,put,regular,11,0.5359,454,16.0
2026-09-11,13000,2027-12-09,put,regular,1,0.4895,454,8.0
2026-09-11,16000,2027-12-09,put,regular,350,0.4877,454,30.0
2026-09-11,19000,2027-12-09,put,regular,300,0.46,454,54.0
2026-09-11,20000,2027-12-09,put,regular,400,0.451,454,64.0
2026-09-11,21000,2027-12-09,put,regular,50,0.4429,454,76.0
2026-09-11,22000,2027-12-09,put,regular,408,0.4347,454,89.0
2026-09-11,22500,2027-12-09,put,regular,36,0.4306,454,96.0
2026-09-11,23000,2027-12-09,put,regular,132,0.4269,454,104.0
2026-09-11,23750,2027-12-09,put,regular,39,0.421,454,116.0
2026-09-11,24000,2027-12-09,put,regular,1721,0.4189,454,120.0
2026-09-11,25000,2027-12-09,put,regular,1350,0.4113,454,138.0
2026-09-11,26000,2027-12-09,put,regular,300,0.4034,454,157.0
2026-09-11,26500,2027-12-09,put,regular,100,0.3998,454,168.0
2026-09-11,27000,2027-12-09,put,regular,1300,0.3961,454,179.0
2026-09-11,28000,2027-12-09,put,regular,2125,0.3889,454,203.0
2026-09-11,29000,2027-12-09,put,regular,450,0.3821,454,230.0
2026-09-11,29500,2027-12-09,put,regular,249,0.3785,454,244.0
2026-09-11,30000,2027-12-09,put,regular,2645,0.3752,454,259.0
2026-09-11,31000,2027-12-09,put,regular,1750,0.3684,454,291.0
2026-09-11,31500,2027-12-09,put,regular,204,0.3656,454,310.0
2026-09-11,32000,2027-12-09,put,regular,1425,0.3627,454,330.0
2026-09-11,32250,2027-12-09,put,regular,30,0.3612,454,340.0
2026-09-11,32750,2027-12-09,put,regular,35,0.3571,454,355.0
2026-09-11,33000,2027-12-09,put,regular,450,0.3555,454,365.0
2026-09-11,34000,2027-12-09,put,regular,1794,0.3498,454,410.0
2026-09-11,34500,2027-12-09,put,regular,100,0.3471,454,435.0
2026-09-11,35000,2027-12-09,put,regular,1600,0.3434,454,455.0
2026-09-11,35500,2027-12-09,put,regular,40,0.3404,454,480.0
2026-09-11,36000,2027-12-09,put,regular,1230,0.338,454,510.0
2026-09-11,36500,2027-12-09,put,regular,300,0.3347,454,535.0
2026-09-11,37000,2027-12-09,put,regular,1150,0.332,454,565.0
2026-09-11,38000,2027-12-09,put,regular,1175,0.3268,454,630.0
2026-09-11,39000,2027-12-09,put,regular,800,0.3215,454,700.0
2026-09-11,39500,2027-12-09,put,regular,50,0.3186,454,735.0
2026-09-11,40000,2027-12-09,put,regular,3070,0.3162,454,775.0
2026-09-11,40500,2027-12-09,put,regular,450,0.3136,454,815.0
2026-09-11,42000,2027-12-09,put,regular,550,0.3058,454,945.0
2026-09-11,43000,2027-12-09,put,regular,240,0.301,454,1045.0
2026-09-11,44000,2027-12-09,put,regular,100,0.2964,454,1155.0
2026-09-11,45000,2027-12-09,put,regular,2076,0.292,454,1275.0
2026-09-11,46000,2027-12-09,put,regular,900,0.2876,454,1405.0
2026-09-11,47000,2027-12-09,put,regular,250,0.2835,454,1550.0
2026-09-11,47500,2027-12-09,put,regular,35,0.2814,454,1625.0
2026-09-11,48000,2027-12-09,put,regular,615,0.2791,454,1700.0
2026-09-11,49000,2027-12-09,put,regular,700,0.2752,454,1870.0
2026-09-11,50000,2027-12-09,put,regular,3970,0.2714,454,2055.0
2026-09-11,51000,2027-12-09,put,regular,350,0.2675,454,2250.0
2026-09-11,52000,2027-12-09,put,regular,635,0.2638,454,2465.0
2026-09-11,53000,2027-12-09,put,regular,822,0.2602,454,2695.0
2026-09-11,54000,2027-12-09,put,regular,775,0.2565,454,2940.0
2026-09-11,54500,2027-12-09,put,regular,400,0.2549,454,3075.0
2026-09-11,55000,2027-12-09,put,regular,1300,0.2532,454,3210.0
2026-09-11,55500,2027-12-09,put,regular,75,0.2515,454,3350.0
2026-09-11,56000,2027-12-09,put,regular,470,0.2498,454,3495.0
2026-09-11,57000,2027-12-09,put,regular,820,0.2464,454,3800.0
2026-09-11,58000,2027-12-09,put,regular,2000,0.2431,454,4125.0
2026-09-11,58500,2027-12-09,put,regular,610,0.2414,454,4295.0
2026-09-11,59000,2027-12-09,put,regular,100,0.2398,454,4470.0
2026-09-11,60000,2027-12-09,put,regular,1260,0.2366,454,4840.0
2026-09-11,62000,2027-12-09,put,regular,425,0.2304,454,5645.0
2026-09-11,62500,2027-12-09,put,regular,70,0.2288,454,5860.0
2026-09-11,63000,2027-12-09,put,regular,650,0.2272,454,6080.0
2026-09-11,63500,2027-12-09,put,regular,50,0.2256,454,6305.0
2026-09-11,64000,2027-12-09,put,regular,130,0.2241,454,6540.0
2026-09-11,65000,2027-12-09,put,regular,1300,0.2208,454,7020.0
2026-09-11,66000,2027-12-09,put,regular,825,0.2177,454,7525.0
2026-09-11,67000,2027-12-09,put,regular,400,0.2143,454,8050.0
2026-09-11,68000,2027-12-09,put,regular,400,0.211,454,8600.0
2026-09-11,69000,2027-12-09,put,regular,750,0.2075,454,9170.0
2026-09-11,70000,2027-12-09,put,regular,550,0.2039,454,9765.0
2026-09-11,75000,2027-12-09,put,regular,175,0.1824,454,13040.0
2026-09-11,80000,2027-12-09,put,regular,400,0.1443,454,16780.0
2026-09-11,15000,2028-06-08,put,regular,3,0.3849,636,10.0
2026-09-11,20000,2028-06-08,put,regular,3,0.382,636,65.0
2026-09-11,25000,2028-06-08,put,regular,630,0.3801,636,238.0
2026-09-11,26000,2028-06-08,put,regular,250,0.3797,636,294.0
2026-09-11,27000,2028-06-08,put,regular,100,0.3794,636,360.0
2026-09-11,30000,2028-06-08,put,regular,300,0.3605,636,495.0
2026-09-11,32000,2028-06-08,put,regular,250,0.3486,636,605.0
2026-09-11,33000,2028-06-08,put,regular,100,0.3433,636,670.0
2026-09-11,35000,2028-06-08,put,regular,200,0.3325,636,810.0
2026-09-11,40000,2028-06-08,put,regular,250,0.3076,636,1270.0
2026-09-11,41500,2028-06-08,put,regular,100,0.3007,636,1445.0
2026-09-11,45000,2028-06-08,put,regular,65,0.2852,636,1925.0
2026-09-11,48000,2028-06-08,put,regular,300,0.2726,636,2435.0
2026-09-11,50000,2028-06-08,put,regular,430,0.2649,636,2840.0
2026-09-11,54000,2028-06-08,put,regular,100,0.2504,636,3820.0
2026-09-11,55000,2028-06-08,put,regular,50,0.247,636,4105.0
2026-09-11,58000,2028-06-08,put,regular,200,0.2374,636,5075.0
2026-09-11,60000,2028-06-08,put,regular,250,0.2317,636,5825.0
2026-09-11,12000,2028-12-07,put,regular,300,0.3676,818,5.0
2026-09-11,16000,2028-12-07,put,regular,1950,0.3662,818,32.0
2026-09-11,18000,2028-12-07,put,regular,100,0.3655,818,64.0
2026-09-11,20000,2028-12-07,put,regular,200,0.3646,818,115.0
2026-09-11,23000,2028-12-07,put,regular,100,0.3636,818,241.0
2026-09-11,23500,2028-12-07,put,regular,38,0.3634,818,269.0
2026-09-11,24000,2028-12-07,put,regular,1000,0.3633,818,299.0
2026-09-11,25000,2028-12-07,put,regular,1200,0.3627,818,365.0
2026-09-11,27000,2028-12-07,put,regular,120,0.3623,818,530.0
2026-09-11,27500,2028-12-07,put,regular,50,0.3596,818,560.0
2026-09-11,28000,2028-12-07,put,regular,1250,0.3569,818,590.0
2026-09-11,30000,2028-12-07,put,regular,550,0.3466,818,725.0
2026-09-11,31000,2028-12-07,put,regular,400,0.3411,818,795.0
2026-09-11,32000,2028-12-07,put,regular,850,0.3362,818,875.0
2026-09-11,32250,2028-12-07,put,regular,51,0.335,818,895.0
2026-09-11,33000,2028-12-07,put,regular,525,0.3314,818,960.0
2026-09-11,34000,2028-12-07,put,regular,775,0.3262,818,1045.0
2026-09-11,34750,2028-12-07,put,regular,100,0.3225,818,1115.0
2026-09-11,35000,2028-12-07,put,regular,1305,0.3214,818,1140.0
2026-09-11,36000,2028-12-07,put,regular,2750,0.3166,818,1240.0
2026-09-11,37000,2028-12-07,put,regular,580,0.3119,818,1345.0
2026-09-11,38000,2028-12-07,put,regular,2860,0.3071,818,1455.0
2026-09-11,39000,2028-12-07,put,regular,50,0.3026,818,1575.0
2026-09-11,40000,2028-12-07,put,regular,1210,0.298,818,1700.0
2026-09-11,42000,2028-12-07,put,regular,350,0.2892,818,1975.0
2026-09-11,43000,2028-12-07,put,regular,100,0.2851,818,2130.0
2026-09-11,44500,2028-12-07,put,regular,75,0.279,818,2375.0
2026-09-11,45000,2028-12-07,put,regular,670,0.2769,818,2460.0
2026-09-11,46000,2028-12-07,put,regular,100,0.2729,818,2640.0
2026-09-11,48000,2028-12-07,put,regular,600,0.2654,818,3040.0
2026-09-11,50000,2028-12-07,put,regular,2450,0.2581,818,3485.0
2026-09-11,51000,2028-12-07,put,regular,150,0.2547,818,3730.0
2026-09-11,53000,2028-12-07,put,regular,50,0.2481,818,4265.0
2026-09-11,55000,2028-12-07,put,regular,705,0.2419,818,4860.0
2026-09-11,56000,2028-12-07,put,regular,450,0.239,818,5185.0
2026-09-11,57000,2028-12-07,put,regular,150,0.2362,818,5530.0
2026-09-11,60000,2028-12-07,put,regular,550,0.2282,818,6665.0
2026-09-11,63000,2028-12-07,put,regular,25,0.2209,818,7975.0
2026-09-11,65000,2028-12-07,put,regular,925,0.2164,818,8945.0
2026-09-11,68000,2028-12-07,put,regular,100,0.2099,818,10545.0
2026-09-11,69000,2028-12-07,put,regular,270,0.2078,818,11115.0
2026-09-11,70000,2028-12-07,put,regular,100,0.2059,818,11710.0
2026-09-11,75000,2028-12-07,put,regular,80,0.1952,818,14915.0
2026-09-11,15000,2029-06-07,put,regular,1,0.3545,1000,39.0
2026-09-11,15000,2029-12-13,put,regular,1,0.342,1189,59.0
2026-09-11,23250,2029-12-13,put,regular,40,0.3382,1189,465.0
2026-09-11,30000,2029-12-13,put,regular,100,0.3225,1189,1135.0
2026-09-11,32000,2029-12-13,put,regular,113,0.313,1189,1335.0
2026-09-11,34250,2029-12-13,put,regular,6,0.3028,1189,1585.0
2026-09-11,44000,2029-12-13,put,regular,100,0.2626,1189,3055.0
2026-09-11,45000,2029-12-13,put,regular,50,0.2589,1189,3250.0
2026-09-11,50000,2029-12-13,put,regular,420,0.2422,1189,4405.0
2026-09-11,64000,2029-12-13,put,regular,100,0.2081,1189,9620.0
2026-09-11,65000,2029-12-13,put,regular,50,0.2062,1189,10120.0
2026-09-11,70000,2029-12-13,put,regular,100,0.1974,1189,12870.0
2026-09-11,19000,2030-06-13,put,regular,2,0.3325,1371,251.0
2026-09-11,23500,2030-12-12,put,regular,100,0.3178,1553,675.0
2026-09-11,31750,2030-12-12,put,regular,74,0.292,1553,1600.0
2026-09-11,34000,2030-12-12,put,regular,24,0.2822,1553,1870.0
2026-09-11,44000,2030-12-12,put,regular,80,0.2464,1553,3570.0
2026-09-11,45000,2030-12-12,put,regular,40,0.2435,1553,3795.0
2026-09-11,49500,2030-12-12,put,regular,100,0.2314,1553,4955.0
2026-09-11,50000,2030-12-12,put,regular,100,0.2302,1553,5100.0
2026-09-11,64000,2030-12-12,put,regular,3,0.2021,1553,10610.0
2026-09-11,31500,2031-12-11,put,regular,52,0.2904,1917,2120.0
2026-09-11,68000,2031-12-11,put,regular,100,0.1953,1917,13790.0
2026-09-11,31250,2032-12-09,call,regular,40,0.2,2281,2585.0
2026-09-11,35000,2026-10-08,call,regular,24,1.8844,27,29950.0
2026-09-11,45000,2026-10-08,call,regular,2,1.254,27,19995.0
2026-09-11,47500,2026-10-08,call,regular,34,1.1161,27,17515.0
2026-09-11,53000,2026-10-08,call,regular,34,0.8315,27,12090.0
2026-09-11,55000,2026-10-08,call,regular,4,0.7357,27,10150.0
2026-09-11,57000,2026-10-08,call,regular,1,0.6454,27,8250.0
2026-09-11,60000,2026-10-08,call,regular,1,0.5247,27,5550.0
2026-09-11,60500,2026-10-08,call,regular,100,0.5071,27,5130.0
2026-09-11,61000,2026-10-08,call,regular,201,0.4901,27,4720.0
2026-09-11,62000,2026-10-08,call,regular,49,0.4586,27,3940.0
2026-09-11,63000,2026-10-08,call,regular,5,0.4296,27,3215.0
2026-09-11,63500,2026-10-08,call,regular,3,0.4166,27,2880.0
2026-09-11,63875,2026-10-08,call,regular,50,0.408,27,2645.0
2026-09-11,64000,2026-10-08,call,regular,252,0.3959,27,2505.0
2026-09-11,64500,2026-10-08,call,regular,25,0.3906,27,2250.0
2026-09-11,64750,2026-10-08,call,regular,1,0.3845,27,2105.0
2026-09-11,65000,2026-10-08,call,regular,423,0.3727,27,1925.0
2026-09-11,65250,2026-10-08,call,regular,1,0.3706,27,1815.0
2026-09-11,65500,2026-10-08,call,regular,132,0.3619,27,1665.0
2026-09-11,65750,2026-10-08,call,regular,56,0.3601,27,1565.0
2026-09-11,65875,2026-10-08,call,regular,2,0.3597,27,1520.0
2026-09-11,66000,2026-10-08,call,regular,1223,0.3523,27,1430.0
2026-09-11,66125,2026-10-08,call,regular,1,0.3539,27,1400.0
2026-09-11,66250,2026-10-08,call,regular,4,0.35,27,1335.0
2026-09-11,66375,2026-10-08,call,regular,1,0.3482,27,1285.0
2026-09-11,66500,2026-10-08,call,regular,23,0.3438,27,1220.0
2026-09-11,66750,2026-10-08,call,regular,123,0.3417,27,1135.0
2026-09-11,67000,2026-10-08,call,regular,1339,0.3356,27,1030.0
2026-09-11,67375,2026-10-08,call,regular,74,0.3313,27,910.0
2026-09-11,67500,2026-10-08,call,regular,274,0.3286,27,865.0
2026-09-11,67625,2026-10-08,call,regular,85,0.3266,27,825.0
2026-09-11,67750,2026-10-08,call,regular,1013,0.3254,27,790.0
2026-09-11,68000,2026-10-08,call,regular,1306,0.3222,27,720.0
2026-09-11,68125,2026-10-08,call,regular,8,0.3242,27,705.0
2026-09-11,68250,2026-10-08,call,regular,92,0.3203,27,660.0
2026-09-11,68500,2026-10-08,call,regular,1157,0.3155,27,590.0
2026-09-11,68750,2026-10-08,call,regular,115,0.313,27,535.0
2026-09-11,68875,2026-10-08,call,regular,85,0.3185,27,540.0
2026-09-11,69000,2026-10-08,call,regular,2951,0.3107,27,485.0
2026-09-11,69250,2026-10-08,call,regular,7,0.3089,27,440.0
2026-09-11,69500,2026-10-08,call,regular,338,0.3063,27,395.0
2026-09-11,69625,2026-10-08,call,regular,95,0.3116,27,400.0
2026-09-11,69750,2026-10-08,call,regular,81,0.3054,27,360.0
2026-09-11,69875,2026-10-08,call,regular,107,0.3054,27,345.0
2026-09-11,70000,2026-10-08,call,regular,1840,0.3024,27,320.0
2026-09-11,70250,2026-10-08,call,regular,14,0.3024,27,293.0
2026-09-11,70375,2026-10-08,call,regular,124,0.3023,27,280.0
2026-09-11,70500,2026-10-08,call,regular,414,0.2995,27,259.0
2026-09-11,70750,2026-10-08,call,regular,9,0.2997,27,237.0
2026-09-11,70875,2026-10-08,call,regular,1,0.2988,27,224.0
2026-09-11,71000,2026-10-08,call,regular,1153,0.2975,27,210.0
2026-09-11,71250,2026-10-08,call,regular,128,0.2974,27,191.0
2026-09-11,71375,2026-10-08,call,regular,1,0.2969,27,181.0
2026-09-11,71500,2026-10-08,call,regular,270,0.2963,27,171.0
2026-09-11,71750,2026-10-08,call,regular,280000,0.2971,27,157.0
2026-09-11,72000,2026-10-08,call,regular,1998,0.2941,27,136.0
2026-09-11,72250,2026-10-08,call,regular,87,0.2951,27,125.0
2026-09-11,72500,2026-10-08,call,regular,611,0.2929,27,109.0
2026-09-11,72750,2026-10-08,call,regular,14,0.295,27,102.0
2026-09-11,73000,2026-10-08,call,regular,1535,0.2938,27,90.0
2026-09-11,73250,2026-10-08,call,regular,3,0.2957,27,84.0
2026-09-11,73500,2026-10-08,call,regular,28,0.2945,27,74.0
2026-09-11,73750,2026-10-08,call,regular,3,0.2957,27,68.0
2026-09-11,74000,2026-10-08,call,regular,545,0.2956,27,61.0
2026-09-11,74250,2026-10-08,call,regular,10,0.2967,27,56.0
2026-09-11,74500,2026-10-08,call,regular,73,0.2955,27,49.0
2026-09-11,74750,2026-10-08,call,regular,2,0.2966,27,45.0
2026-09-11,75000,2026-10-08,call,regular,2334,0.2952,27,39.0
2026-09-11,75250,2026-10-08,call,regular,2,0.2978,27,37.0
2026-09-11,75500,2026-10-08,call,regular,12,0.299,27,34.0
2026-09-11,75750,2026-10-08,call,regular,5,0.2998,27,31.0
2026-09-11,76000,2026-10-08,call,regular,1087,0.3002,27,28.0
2026-09-11,76250,2026-10-08,call,regular,9,0.3018,27,26.0
2026-09-11,76500,2026-10-08,call,regular,14,0.3048,27,25.0
2026-09-11,77000,2026-10-08,call,regular,1264,0.3009,27,18.0
2026-09-11,77500,2026-10-08,call,regular,111,0.3096,27,18.0
2026-09-11,78000,2026-10-08,call,regular,755,0.3113,27,15.0
2026-09-11,78500,2026-10-08,call,regular,17,0.3114,27,12.0
2026-09-11,79000,2026-10-08,call,regular,114,0.3131,27,10.0
2026-09-11,79500,2026-10-08,call,regular,1,0.3134,27,8.0
2026-09-11,80000,2026-10-08,call,regular,1738,0.3167,27,7.0
2026-09-11,80500,2026-10-08,call,regular,16,0.3193,27,6.0
2026-09-11,81000,2026-10-08,call,regular,523,0.3209,27,5.0
2026-09-11,81500,2026-10-08,call,regular,3,0.3281,27,5.0
2026-09-11,82000,2026-10-08,call,regular,194,0.3283,27,4.0
2026-09-11,82500,2026-10-08,call,regular,10,0.3353,27,4.0
2026-09-11,83000,2026-10-08,call,regular,59,0.3334,27,3.0
2026-09-11,83500,2026-10-08,call,regular,9,0.3401,27,3.0
2026-09-11,84000,2026-10-08,call,regular,58,0.3468,27,3.0
2026-09-11,84500,2026-10-08,call,regular,2,0.3534,27,3.0
2026-09-11,85000,2026-10-08,call,regular,240,0.3478,27,2.0
2026-09-11,87500,2026-10-08,call,regular,119,0.379,27,2.0
2026-09-11,90000,2026-10-08,call,regular,99,0.3878,27,1.0
2026-09-11,92500,2026-10-08,call,regular,15,0.4156,27,1.0
2026-09-11,95000,2026-10-08,call,regular,59,0.4424,27,1.0
2026-09-11,97500,2026-10-08,call,regular,14,0.4684,27,1.0
2026-09-11,100000,2026-10-08,call,regular,297,0.4936,27,1.0
2026-09-11,44500,2026-11-12,call,regular,2,0.8713,62,20625.0
2026-09-11,50250,2026-11-12,call,regular,35,0.681,62,15055.0
2026-09-11,56000,2026-11-12,call,regular,34,0.5138,62,9665.0
2026-09-11,57500,2026-11-12,call,regular,100,0.4787,62,8360.0
2026-09-11,58000,2026-11-12,call,regular,1,0.468,62,7940.0
2026-09-11,60000,2026-11-12,call,regular,100,0.4297,62,6345.0
2026-09-11,60500,2026-11-12,call,regular,100,0.4196,62,5955.0
2026-09-11,61000,2026-11-12,call,regular,200,0.412,62,5595.0
2026-09-11,64000,2026-11-12,call,regular,125,0.3611,62,3550.0
2026-09-11,65000,2026-11-12,call,regular,357,0.3491,62,2995.0
2026-09-11,65250,2026-11-12,call,regular,2695000,0.3453,62,2855.0
2026-09-11,65375,2026-11-12,call,regular,11,0.3462,62,2815.0
2026-09-11,65500,2026-11-12,call,regular,171,0.3451,62,2755.0
2026-09-11,65750,2026-11-12,call,regular,1,0.3379,62,2585.0
2026-09-11,65875,2026-11-12,call,regular,50,0.3409,62,2570.0
2026-09-11,66000,2026-11-12,call,regular,486,0.3391,62,2505.0
2026-09-11,66125,2026-11-12,call,regular,3,0.3382,62,2450.0
2026-09-11,67000,2026-11-12,call,regular,1130,0.3291,62,2060.0
2026-09-11,67500,2026-11-12,call,regular,302,0.3272,62,1885.0
2026-09-11,67750,2026-11-12,call,regular,28,0.3256,62,1795.0
2026-09-11,67875,2026-11-12,call,regular,5,0.3236,62,1740.0
2026-09-11,68000,2026-11-12,call,regular,431,0.3221,62,1690.0
2026-09-11,68375,2026-11-12,call,regular,16,0.3202,62,1570.0
2026-09-11,68500,2026-11-12,call,regular,1,0.3189,62,1525.0
2026-09-11,69000,2026-11-12,call,regular,1946,0.3151,62,1365.0
2026-09-11,69500,2026-11-12,call,regular,4,0.3124,62,1225.0
2026-09-11,69750,2026-11-12,call,regular,980000,0.3111,62,1160.0
2026-09-11,69875,2026-11-12,call,regular,16,0.3107,62,1130.0
2026-09-11,70000,2026-11-12,call,regular,1505,0.309,62,1090.0
2026-09-11,70250,2026-11-12,call,regular,4,0.3065,62,1020.0
2026-09-11,70500,2026-11-12,call,regular,2,0.3101,62,1000.0
2026-09-11,70750,2026-11-12,call,regular,4,0.3044,62,910.0
2026-09-11,71000,2026-11-12,call,regular,400,0.3035,62,860.0
2026-09-11,71125,2026-11-12,call,regular,2,0.3044,62,845.0
2026-09-11,71500,2026-11-12,call,regular,354,0.3059,62,795.0
2026-09-11,71625,2026-11-12,call,regular,8,0.3059,62,775.0
2026-09-11,72000,2026-11-12,call,regular,395,0.3001,62,680.0
2026-09-11,72250,2026-11-12,call,regular,1,0.3031,62,665.0
2026-09-11,72500,2026-11-12,call,regular,602,0.3021,62,625.0
2026-09-11,73000,2026-11-12,call,regular,101,0.2992,62,545.0
2026-09-11,74000,2026-11-12,call,regular,101,0.2966,62,425.0
2026-09-11,74500,2026-11-12,call,regular,116,0.2967,62,380.0
2026-09-11,75000,2026-11-12,call,regular,891,0.289,62,305.0
2026-09-11,75250,2026-11-12,call,regular,1,0.2944,62,310.0
2026-09-11,75500,2026-11-12,call,regular,78,0.2941,62,291.0
2026-09-11,75750,2026-11-12,call,regular,1,0.2935,62,272.0
2026-09-11,76000,2026-11-12,call,regular,25,0.2908,62,246.0
2026-09-11,76500,2026-11-12,call,regular,280,0.2926,62,224.0
2026-09-11,77000,2026-11-12,call,regular,123,0.291,62,193.0
2026-09-11,78000,2026-11-12,call,regular,113,0.291,62,150.0
2026-09-11,79000,2026-11-12,call,regular,2,0.2933,62,121.0
2026-09-11,79500,2026-11-12,call,regular,1,0.2917,62,103.0
2026-09-11,80000,2026-11-12,call,regular,105,0.2936,62,94.0
2026-09-11,82500,2026-11-12,call,regular,54,0.307,62,65.0
2026-09-11,85000,2026-11-12,call,regular,5,0.3127,62,39.0
2026-09-11,87500,2026-11-12,call,regular,12,0.3191,62,24.0
2026-09-11,90000,2026-11-12,call,regular,121,0.3052,62,8.0
2026-09-11,92500,2026-11-12,call,regular,1,0.3176,62,6.0
2026-09-11,95000,2026-11-12,call,regular,7,0.3256,62,4.0
2026-09-11,100000,2026-11-12,call,regular,19,0.3429,62,2.0
2026-09-11,12500,2026-12-10,call,regular,84,2.4969,90,52380.0
2026-09-11,20000,2026-12-10,call,regular,150,1.8051,90,44910.0
2026-09-11,22000,2026-12-10,call,regular,100,1.6721,90,42920.0
2026-09-11,25000,2026-12-10,call,regular,300,1.4974,90,39940.0
2026-09-11,26000,2026-12-10,call,regular,350,1.4452,90,38950.0
2026-09-11,27000,2026-12-10,call,regular,250,1.3936,90,37955.0
2026-09-11,28000,2026-12-10,call,regular,75,1.344,90,36960.0
2026-09-11,28500,2026-12-10,call,regular,125,1.3206,90,36465.0
2026-09-11,29000,2026-12-10,call,regular,150,1.2976,90,35970.0
2026-09-11,30000,2026-12-10,call,regular,2553,1.2515,90,34975.0
2026-09-11,30500,2026-12-10,call,regular,50,1.2296,90,34480.0
2026-09-11,31000,2026-12-10,call,regular,241,1.2081,90,33985.0
2026-09-11,31500,2026-12-10,call,regular,50,1.187,90,33490.0
2026-09-11,32000,2026-12-10,call,regular,700,1.1661,90,32995.0
2026-09-11,32500,2026-12-10,call,regular,250,1.1444,90,32495.0
2026-09-11,33000,2026-12-10,call,regular,1950,1.1242,90,32000.0
2026-09-11,34000,2026-12-10,call,regular,280,1.0847,90,31010.0
2026-09-11,34500,2026-12-10,call,regular,400,1.0653,90,30515.0
2026-09-11,35000,2026-12-10,call,regular,435,1.0462,90,30020.0
2026-09-11,36000,2026-12-10,call,regular,975,1.0087,90,29030.0
2026-09-11,36500,2026-12-10,call,regular,252,0.9974,90,28570.0
2026-09-11,37000,2026-12-10,call,regular,450,0.9791,90,28075.0
2026-09-11,37500,2026-12-10,call,regular,88,0.961,90,27580.0
2026-09-11,37750,2026-12-10,call,regular,100,0.9526,90,27335.0
2026-09-11,38000,2026-12-10,call,regular,1225,0.9441,90,27090.0
2026-09-11,38500,2026-12-10,call,regular,700,0.9265,90,26595.0
2026-09-11,38750,2026-12-10,call,regular,50,0.9182,90,26350.0
2026-09-11,39000,2026-12-10,call,regular,750,0.9099,90,26105.0
2026-09-11,39500,2026-12-10,call,regular,500,0.8935,90,25615.0
2026-09-11,40000,2026-12-10,call,regular,1200,0.8764,90,25120.0
2026-09-11,40500,2026-12-10,call,regular,400,0.8603,90,24630.0
2026-09-11,41000,2026-12-10,call,regular,1300,0.8443,90,24140.0
2026-09-11,41500,2026-12-10,call,regular,100,0.8285,90,23650.0
2026-09-11,42000,2026-12-10,call,regular,1071,0.8128,90,23160.0
2026-09-11,42500,2026-12-10,call,regular,250,0.7972,90,22670.0
2026-09-11,43000,2026-12-10,call,regular,1400,0.7818,90,22180.0
2026-09-11,43750,2026-12-10,call,regular,131,0.7596,90,21450.0
2026-09-11,44000,2026-12-10,call,regular,600,0.752,90,21205.0
2026-09-11,45000,2026-12-10,call,regular,1842,0.7225,90,20230.0
2026-09-11,45250,2026-12-10,call,regular,413,0.7158,90,19990.0
2026-09-11,45500,2026-12-10,call,regular,200,0.7083,90,19745.0
2026-09-11,46000,2026-12-10,call,regular,2300,0.6948,90,19265.0
2026-09-11,46250,2026-12-10,call,regular,315,0.6874,90,19020.0
2026-09-11,47000,2026-12-10,call,regular,350,0.6666,90,18295.0
2026-09-11,47500,2026-12-10,call,regular,200,0.6533,90,17815.0
2026-09-11,48000,2026-12-10,call,regular,750,0.64,90,17335.0
2026-09-11,49000,2026-12-10,call,regular,1000,0.6133,90,16375.0
2026-09-11,49500,2026-12-10,call,regular,260,0.6007,90,15900.0
2026-09-11,50000,2026-12-10,call,regular,5692,0.588,90,15425.0
2026-09-11,50250,2026-12-10,call,regular,58,0.582,90,15190.0
2026-09-11,50500,2026-12-10,call,regular,600,0.5753,90,14950.0
2026-09-11,50750,2026-12-10,call,regular,45,0.5692,90,14715.0
2026-09-11,51000,2026-12-10,call,regular,731,0.5644,90,14490.0
2026-09-11,52000,2026-12-10,call,regular,802,0.5405,90,13555.0
2026-09-11,52250,2026-12-10,call,regular,250,0.5343,90,13320.0
2026-09-11,52500,2026-12-10,call,regular,50,0.5281,90,13085.0
2026-09-11,53000,2026-12-10,call,regular,1135,0.5168,90,12625.0
2026-09-11,53500,2026-12-10,call,regular,106,0.506,90,12170.0
2026-09-11,54000,2026-12-10,call,regular,1941,0.4955,90,11720.0
2026-09-11,54500,2026-12-10,call,regular,540,0.4848,90,11270.0
2026-09-11,55000,2026-12-10,call,regular,1829,0.4745,90,10825.0
2026-09-11,55500,2026-12-10,call,regular,300,0.4645,90,10385.0
2026-09-11,56000,2026-12-10,call,regular,791,0.4548,90,9950.0
2026-09-11,56500,2026-12-10,call,regular,283,0.4463,90,9530.0
2026-09-11,57000,2026-12-10,call,regular,500,0.4374,90,9110.0
2026-09-11,57250,2026-12-10,call,regular,113,0.4334,90,8905.0
2026-09-11,57500,2026-12-10,call,regular,80,0.4278,90,8685.0
2026-09-11,58000,2026-12-10,call,regular,2603,0.4202,90,8285.0
2026-09-11,58500,2026-12-10,call,regular,350,0.4113,90,7875.0
2026-09-11,59000,2026-12-10,call,regular,1900,0.4033,90,7480.0
2026-09-11,59500,2026-12-10,call,regular,100,0.3958,90,7095.0
2026-09-11,60000,2026-12-10,call,regular,7564,0.39,90,6735.0
2026-09-11,60500,2026-12-10,call,regular,102,0.3816,90,6350.0
2026-09-11,61000,2026-12-10,call,regular,813,0.3751,90,5995.0
2026-09-11,61500,2026-12-10,call,regular,1,0.369,90,5650.0
2026-09-11,62000,2026-12-10,call,regular,1450,0.3627,90,5310.0
2026-09-11,62500,2026-12-10,call,regular,812,0.357,90,4985.0
2026-09-11,63000,2026-12-10,call,regular,1615,0.3519,90,4675.0
2026-09-11,63500,2026-12-10,call,regular,300,0.3461,90,4365.0
2026-09-11,64000,2026-12-10,call,regular,2240,0.344,90,4110.0
2026-09-11,64500,2026-12-10,call,regular,146,0.3393,90,3830.0
2026-09-11,65000,2026-12-10,call,regular,3417,0.3338,90,3550.0
2026-09-11,65500,2026-12-10,call,regular,734,0.3299,90,3300.0
2026-09-11,65750,2026-12-10,call,regular,15,0.3277,90,3175.0
2026-09-11,66000,2026-12-10,call,regular,1257,0.3237,90,3030.0
2026-09-11,66250,2026-12-10,call,regular,15,0.3215,90,2910.0
2026-09-11,66500,2026-12-10,call,regular,2750,0.3199,90,2800.0
2026-09-11,67000,2026-12-10,call,regular,1430,0.3161,90,2580.0
2026-09-11,67250,2026-12-10,call,regular,25,0.3148,90,2480.0
2026-09-11,67500,2026-12-10,call,regular,25,0.3128,90,2375.0
2026-09-11,68000,2026-12-10,call,regular,3448,0.3099,90,2185.0
2026-09-11,68500,2026-12-10,call,regular,437,0.3066,90,2000.0
2026-09-11,69000,2026-12-10,call,regular,1630,0.3046,90,1840.0
2026-09-11,69250,2026-12-10,call,regular,50,0.3029,90,1755.0
2026-09-11,69750,2026-12-10,call,regular,158,0.302,90,1620.0
2026-09-11,70000,2026-12-10,call,regular,6081,0.3006,90,1545.0
2026-09-11,71000,2026-12-10,call,regular,2549,0.2951,90,1270.0
2026-09-11,71500,2026-12-10,call,regular,1,0.2944,90,1165.0
2026-09-11,71750,2026-12-10,call,regular,24,0.2935,90,1110.0
2026-09-11,72000,2026-12-10,call,regular,3210,0.2923,90,1055.0
2026-09-11,72250,2026-12-10,call,regular,2,0.2916,90,1005.0
2026-09-11,72500,2026-12-10,call,regular,2312,0.2912,90,960.0
2026-09-11,73000,2026-12-10,call,regular,802,0.2892,90,865.0
2026-09-11,73500,2026-12-10,call,regular,400,0.2882,90,785.0
2026-09-11,74000,2026-12-10,call,regular,1550,0.287,90,710.0
2026-09-11,74500,2026-12-10,call,regular,1,0.2858,90,640.0
2026-09-11,75000,2026-12-10,call,regular,3626,0.2852,90,580.0
2026-09-11,75500,2026-12-10,call,regular,1,0.2839,90,520.0
2026-09-11,76000,2026-12-10,call,regular,458,0.2834,90,470.0
2026-09-11,76250,2026-12-10,call,regular,12,0.2828,90,445.0
2026-09-11,77000,2026-12-10,call,regular,461,0.2838,90,390.0
2026-09-11,77500,2026-12-10,call,regular,1055,0.2821,90,345.0
2026-09-11,78000,2026-12-10,call,regular,382,0.2816,90,310.0
2026-09-11,79000,2026-12-10,call,regular,204,0.2808,90,250.0
2026-09-11,80000,2026-12-10,call,regular,7255,0.279,90,197.0
2026-09-11,81000,2026-12-10,call,regular,1,0.2815,90,167.0
2026-09-11,82500,2026-12-10,call,regular,1126,0.2815,90,121.0
2026-09-11,83000,2026-12-10,call,regular,120,0.2817,90,109.0
2026-09-11,84000,2026-12-10,call,regular,523,0.282,90,88.0
2026-09-11,85000,2026-12-10,call,regular,1005,0.2824,90,71.0
2026-09-11,87500,2026-12-10,call,regular,2457,0.2849,90,43.0
2026-09-11,90000,2026-12-10,call,regular,1776,0.2888,90,27.0
2026-09-11,95000,2026-12-10,call,regular,1078,0.3019,90,13.0
2026-09-11,100000,2026-12-10,call,regular,504,0.3068,90,5.0
2026-09-11,54250,2027-01-07,call,regular,27,0.4505,118,11740.0
2026-09-11,61000,2027-01-07,call,regular,26,0.3584,118,6420.0
2026-09-11,63750,2027-01-07,call,regular,50,0.3324,118,4685.0
2026-09-11,64000,2027-01-07,call,regular,100,0.3305,118,4545.0
2026-09-11,65000,2027-01-07,call,regular,6,0.3223,118,3995.0
2026-09-11,66000,2027-01-07,call,regular,60,0.3159,118,3505.0
2026-09-11,67500,2027-01-07,call,regular,5,0.307,118,2845.0
2026-09-11,67750,2027-01-07,call,regular,3,0.3057,118,2745.0
2026-09-11,68000,2027-01-07,call,regular,1,0.3046,118,2650.0
2026-09-11,68500,2027-01-07,call,regular,5,0.302,118,2460.0
2026-09-11,69000,2027-01-07,call,regular,6,0.2998,118,2285.0
2026-09-11,69500,2027-01-07,call,regular,2,0.2978,118,2120.0
2026-09-11,70000,2027-01-07,call,regular,2,0.2948,118,1950.0
2026-09-11,70250,2027-01-07,call,regular,1,0.295,118,1890.0
2026-09-11,70500,2027-01-07,call,regular,2,0.2931,118,1805.0
2026-09-11,71000,2027-01-07,call,regular,1,0.2924,118,1680.0
2026-09-11,71500,2027-01-07,call,regular,50,0.2911,118,1555.0
2026-09-11,72000,2027-01-07,call,regular,2,0.2897,118,1435.0
2026-09-11,73000,2027-01-07,call,regular,1,0.2872,118,1220.0
2026-09-11,74000,2027-01-07,call,regular,1,0.2857,118,1040.0
2026-09-11,75000,2027-01-07,call,regular,1,0.2846,118,885.0
2026-09-11,80000,2027-01-07,call,regular,1,0.2845,118,400.0
2026-09-11,100000,2027-01-07,call,regular,4,0.2972,118,15.0
2026-09-11,56000,2027-02-10,call,regular,8,0.4028,152,10660.0
2026-09-11,56750,2027-02-10,call,regular,60,0.3936,152,10060.0
2026-09-11,64000,2027-02-10,call,regular,60,0.3257,152,5110.0
2026-09-11,66000,2027-02-10,call,regular,8,0.3117,152,4050.0
2026-09-11,66250,2027-02-10,call,regular,50,0.3102,152,3930.0
2026-09-11,67250,2027-02-10,call,regular,12,0.3048,152,3480.0
2026-09-11,72500,2027-02-10,call,regular,75,0.2889,152,1780.0
2026-09-11,75000,2027-02-10,call,regular,100,0.2847,152,1265.0
2026-09-11,52000,2027-03-11,call,regular,560,0.4293,181,14165.0
2026-09-11,52750,2027-03-11,call,regular,8,0.4191,181,13515.0
2026-09-11,53000,2027-03-11,call,regular,275,0.4161,181,13305.0
2026-09-11,53500,2027-03-11,call,regular,202,0.4097,181,12880.0
2026-09-11,53750,2027-03-11,call,regular,44,0.4067,181,12670.0
2026-09-11,54000,2027-03-11,call,regular,267,0.4035,181,12460.0
2026-09-11,55000,2027-03-11,call,regular,550,0.3917,181,11635.0
2026-09-11,56000,2027-03-11,call,regular,50,0.3805,181,10830.0
2026-09-11,56500,2027-03-11,call,regular,1,0.375,181,10435.0
2026-09-11,57000,2027-03-11,call,regular,365,0.37,181,10050.0
2026-09-11,58000,2027-03-11,call,regular,150,0.3602,181,9295.0
2026-09-11,59500,2027-03-11,call,regular,200,0.3468,181,8215.0
2026-09-11,59750,2027-03-11,call,regular,2,0.3447,181,8040.0
2026-09-11,60000,2027-03-11,call,regular,12,0.3427,181,7870.0
2026-09-11,60250,2027-03-11,call,regular,44,0.3407,181,7700.0
2026-09-11,61000,2027-03-11,call,regular,160,0.335,181,7205.0
2026-09-11,61750,2027-03-11,call,regular,1,0.3297,181,6730.0
2026-09-11,62500,2027-03-11,call,regular,508,0.3245,181,6270.0
2026-09-11,63000,2027-03-11,call,regular,392,0.3213,181,5975.0
2026-09-11,64000,2027-03-11,call,regular,100,0.3155,181,5415.0
2026-09-11,64250,2027-03-11,call,regular,100,0.3141,181,5280.0
2026-09-11,65000,2027-03-11,call,regular,1401,0.3101,181,4890.0
2026-09-11,66000,2027-03-11,call,regular,1372,0.3054,181,4405.0
2026-09-11,66250,2027-03-11,call,regular,15,0.3044,181,4290.0
2026-09-11,66500,2027-03-11,call,regular,22,0.3032,181,4175.0
2026-09-11,67000,2027-03-11,call,regular,400,0.3012,181,3955.0
2026-09-11,68000,2027-03-11,call,regular,650,0.2973,181,3540.0
2026-09-11,69000,2027-03-11,call,regular,350,0.2939,181,3160.0
2026-09-11,69250,2027-03-11,call,regular,10,0.2931,181,3070.0
2026-09-11,70000,2027-03-11,call,regular,646,0.291,181,2815.0
2026-09-11,70500,2027-03-11,call,regular,150,0.2897,181,2655.0
2026-09-11,71000,2027-03-11,call,regular,100,0.2886,181,2505.0
2026-09-11,72000,2027-03-11,call,regular,665,0.2865,181,2225.0
2026-09-11,72500,2027-03-11,call,regular,85,0.2856,181,2095.0
2026-09-11,73000,2027-03-11,call,regular,400,0.2845,181,1970.0
2026-09-11,73500,2027-03-11,call,regular,1,0.2838,181,1855.0
2026-09-11,74000,2027-03-11,call,regular,3,0.2831,181,1745.0
2026-09-11,75000,2027-03-11,call,regular,1493,0.282,181,1545.0
2026-09-11,76000,2027-03-11,call,regular,750,0.281,181,1365.0
2026-09-11,77500,2027-03-11,call,regular,400,0.2801,181,1135.0
2026-09-11,80000,2027-03-11,call,regular,390,0.2796,181,835.0
2026-09-11,82500,2027-03-11,call,regular,757,0.2805,181,620.0
2026-09-11,85000,2027-03-11,call,regular,225,0.2818,181,460.0
2026-09-11,90000,2027-03-11,call,regular,350,0.2849,181,254.0
2026-09-11,95000,2027-03-11,call,regular,500,0.2875,181,138.0
2026-09-11,100000,2027-03-11,call,regular,78,0.2857,181,67.0
2026-09-11,57000,2027-04-08,call,regular,25,0.3445,209,10055.0
2026-09-11,57750,2027-04-08,call,regular,88,0.3387,209,9505.0
2026-09-11,65000,2027-04-08,call,regular,88,0.295,209,5015.0
2026-09-11,67000,2027-04-08,call,regular,25,0.2873,209,4090.0
2026-09-11,60250,2027-05-13,call,regular,8,0.3184,244,8195.0
2026-09-11,61250,2027-05-13,call,regular,23,0.3128,244,7565.0
2026-09-11,71000,2027-05-13,call,regular,23,0.2778,244,3065.0
2026-09-11,72000,2027-05-13,call,regular,8,0.2761,244,2770.0
2026-09-11,16250,2027-06-10,call,regular,114,1.1233,272,48315.0
2026-09-11,30000,2027-06-10,call,regular,300,0.7026,272,34870.0
2026-09-11,33000,2027-06-10,call,regular,50,0.6403,272,31965.0
2026-09-11,36000,2027-06-10,call,regular,150,0.5844,272,29080.0
2026-09-11,37000,2027-06-10,call,regular,50,0.5672,272,28125.0
2026-09-11,37250,2027-06-10,call,regular,480,0.5628,272,27885.0
2026-09-11,38500,2027-06-10,call,regular,140,0.5421,272,26695.0
2026-09-11,39000,2027-06-10,call,regular,50,0.534,272,26220.0
2026-09-11,44500,2027-06-10,call,regular,300,0.4544,272,21085.0
2026-09-11,50000,2027-06-10,call,regular,300,0.3918,272,16210.0
2026-09-11,50500,2027-06-10,call,regular,175,0.3868,272,15785.0
2026-09-11,53000,2027-06-10,call,regular,100,0.3641,272,13720.0
2026-09-11,54000,2027-06-10,call,regular,1050,0.3561,272,12930.0
2026-09-11,55000,2027-06-10,call,regular,300,0.3483,272,12155.0
2026-09-11,56000,2027-06-10,call,regular,175,0.3412,272,11405.0
2026-09-11,57000,2027-06-10,call,regular,50,0.3346,272,10680.0
2026-09-11,58500,2027-06-10,call,regular,58,0.3251,272,9630.0
2026-09-11,60000,2027-06-10,call,regular,750,0.3169,272,8645.0
2026-09-11,62500,2027-06-10,call,regular,150,0.3047,272,7135.0
2026-09-11,63000,2027-06-10,call,regular,100,0.3025,272,6855.0
2026-09-11,64000,2027-06-10,call,regular,350,0.2983,272,6315.0
2026-09-11,65000,2027-06-10,call,regular,552,0.2945,272,5805.0
2026-09-11,65500,2027-06-10,call,regular,62,0.2926,272,5560.0
2026-09-11,66000,2027-06-10,call,regular,300,0.291,272,5325.0
2026-09-11,66500,2027-06-10,call,regular,125,0.2893,272,5095.0
2026-09-11,67000,2027-06-10,call,regular,770,0.2875,272,4870.0
2026-09-11,67500,2027-06-10,call,regular,400,0.286,272,4655.0
2026-09-11,68000,2027-06-10,call,regular,422,0.2844,272,4445.0
2026-09-11,68250,2027-06-10,call,regular,15,0.2837,272,4345.0
2026-09-11,68500,2027-06-10,call,regular,206,0.283,272,4245.0
2026-09-11,69000,2027-06-10,call,regular,1,0.2815,272,4050.0
2026-09-11,69250,2027-06-10,call,regular,36,0.2808,272,3955.0
2026-09-11,69500,2027-06-10,call,regular,62,0.2801,272,3860.0
2026-09-11,70000,2027-06-10,call,regular,450,0.2786,272,3675.0
2026-09-11,71000,2027-06-10,call,regular,100,0.2759,272,3330.0
2026-09-11,72000,2027-06-10,call,regular,500,0.2737,272,3015.0
2026-09-11,74000,2027-06-10,call,regular,850,0.269,272,2445.0
2026-09-11,75000,2027-06-10,call,regular,880,0.2669,272,2195.0
2026-09-11,77500,2027-06-10,call,regular,671,0.2622,272,1660.0
2026-09-11,80000,2027-06-10,call,regular,915,0.2585,272,1245.0
2026-09-11,85000,2027-06-10,call,regular,2672,0.2529,272,680.0
2026-09-11,90000,2027-06-10,call,regular,400,0.2525,272,385.0
2026-09-11,95000,2027-06-10,call,regular,1,0.2593,272,250.0
2026-09-11,65750,2027-07-08,call,regular,20,0.2888,300,5695.0
2026-09-11,66750,2027-07-08,call,regular,32,0.2856,300,5235.0
2026-09-11,75000,2027-07-08,call,regular,32,0.268,300,2465.0
2026-09-11,77000,2027-07-08,call,regular,20,0.2657,300,2030.0
2026-09-11,68000,2027-08-12,call,regular,22,0.2835,335,5105.0
2026-09-11,69000,2027-08-12,call,regular,53,0.2814,335,4715.0
2026-09-11,78000,2027-08-12,call,regular,75,0.2644,335,2105.0
2026-09-11,65000,2027-09-09,call,regular,1,0.2882,363,6650.0
2026-09-11,67000,2027-09-09,call,regular,80,0.2816,363,5700.0
2026-09-11,77500,2027-09-09,call,regular,150,0.2613,363,2345.0
2026-09-11,28000,2027-12-09,call,regular,50,0.5727,454,36775.0
2026-09-11,30000,2027-12-09,call,regular,225,0.5424,454,34870.0
2026-09-11,31500,2027-12-09,call,regular,50,0.5214,454,33450.0
2026-09-11,32000,2027-12-09,call,regular,100,0.5143,454,32975.0
2026-09-11,33000,2027-12-09,call,regular,100,0.5014,454,32035.0
2026-09-11,34000,2027-12-09,call,regular,375,0.4886,454,31095.0
2026-09-11,35000,2027-12-09,call,regular,201,0.4768,454,30165.0
2026-09-11,36000,2027-12-09,call,regular,80,0.465,454,29235.0
2026-09-11,36750,2027-12-09,call,regular,442,0.4565,454,28540.0
2026-09-11,37000,2027-12-09,call,regular,200,0.4538,454,28310.0
2026-09-11,38000,2027-12-09,call,regular,575,0.4433,454,27395.0
2026-09-11,39000,2027-12-09,call,regular,125,0.4327,454,26480.0
2026-09-11,39250,2027-12-09,call,regular,50,0.4304,454,26255.0
2026-09-11,39500,2027-12-09,call,regular,50,0.428,454,26030.0
2026-09-11,40000,2027-12-09,call,regular,350,0.4229,454,25575.0
2026-09-11,40500,2027-12-09,call,regular,450,0.4185,454,25130.0
2026-09-11,41000,2027-12-09,call,regular,375,0.4136,454,24680.0
2026-09-11,42000,2027-12-09,call,regular,200,0.4045,454,23790.0
2026-09-11,43000,2027-12-09,call,regular,400,0.3959,454,22910.0
2026-09-11,43500,2027-12-09,call,regular,150,0.3918,454,22475.0
2026-09-11,45000,2027-12-09,call,regular,1950,0.3798,454,21180.0
2026-09-11,46000,2027-12-09,call,regular,500,0.3722,454,20330.0
2026-09-11,48000,2027-12-09,call,regular,225,0.358,454,18665.0
2026-09-11,49000,2027-12-09,call,regular,700,0.3513,454,17850.0
2026-09-11,50000,2027-12-09,call,regular,1950,0.3451,454,17055.0
2026-09-11,51000,2027-12-09,call,regular,300,0.3391,454,16270.0
2026-09-11,52500,2027-12-09,call,regular,100,0.3306,454,15125.0
2026-09-11,54000,2027-12-09,call,regular,300,0.3228,454,14020.0
2026-09-11,54500,2027-12-09,call,regular,100,0.3203,454,13660.0
2026-09-11,55000,2027-12-09,call,regular,704,0.3178,454,13305.0
2026-09-11,57000,2027-12-09,call,regular,250,0.3088,454,11935.0
2026-09-11,58000,2027-12-09,call,regular,500,0.3046,454,11280.0
2026-09-11,60000,2027-12-09,call,regular,1225,0.2969,454,10035.0
2026-09-11,61000,2027-12-09,call,regular,200,0.2933,454,9445.0
2026-09-11,62000,2027-12-09,call,regular,200,0.29,454,8880.0
2026-09-11,62500,2027-12-09,call,regular,70,0.2884,454,8605.0
2026-09-11,63000,2027-12-09,call,regular,300,0.2868,454,8335.0
2026-09-11,63500,2027-12-09,call,regular,50,0.2853,454,8070.0
2026-09-11,64000,2027-12-09,call,regular,780,0.2837,454,7810.0
2026-09-11,65000,2027-12-09,call,regular,550,0.281,454,7315.0
2026-09-11,66000,2027-12-09,call,regular,475,0.2782,454,6835.0
2026-09-11,67000,2027-12-09,call,regular,100,0.2758,454,6385.0
2026-09-11,68000,2027-12-09,call,regular,200,0.2733,454,5950.0
2026-09-11,69000,2027-12-09,call,regular,850,0.2712,454,5545.0
2026-09-11,70000,2027-12-09,call,regular,850,0.2689,454,5155.0
2026-09-11,70500,2027-12-09,call,regular,62,0.2679,454,4970.0
2026-09-11,72000,2027-12-09,call,regular,500,0.2651,454,4445.0
2026-09-11,72500,2027-12-09,call,regular,100,0.2641,454,4280.0
2026-09-11,73500,2027-12-09,call,regular,100,0.2624,454,3965.0
2026-09-11,75000,2027-12-09,call,regular,277,0.2601,454,3530.0
2026-09-11,77500,2027-12-09,call,regular,600,0.2568,454,2900.0
2026-09-11,80000,2027-12-09,call,regular,1000,0.254,454,2370.0
2026-09-11,85000,2027-12-09,call,regular,100,0.2503,454,1575.0
2026-09-11,87500,2027-12-09,call,regular,100,0.2493,454,1285.0
2026-09-11,100000,2027-12-09,call,regular,800,0.2547,454,530.0
2026-09-11,41500,2028-06-08,call,regular,100,0.378,636,24820.0
2026-09-11,28000,2028-12-07,call,regular,50,0.4533,818,37090.0
2026-09-11,30000,2028-12-07,call,regular,80,0.4367,818,35290.0
2026-09-11,31000,2028-12-07,call,regular,200,0.429,818,34400.0
2026-09-11,32000,2028-12-07,call,regular,75,0.4216,818,33515.0
2026-09-11,33000,2028-12-07,call,regular,125,0.414,818,32630.0
2026-09-11,34500,2028-12-07,call,regular,330,0.4032,818,31315.0
2026-09-11,34750,2028-12-07,call,regular,100,0.4017,818,31100.0
2026-09-11,35500,2028-12-07,call,regular,443,0.3966,818,30450.0
2026-09-11,36000,2028-12-07,call,regular,450,0.393,818,30015.0
2026-09-11,36500,2028-12-07,call,regular,52,0.3897,818,29585.0
2026-09-11,38000,2028-12-07,call,regular,120,0.3802,818,28305.0
2026-09-11,39000,2028-12-07,call,regular,575,0.3737,818,27455.0
2026-09-11,40000,2028-12-07,call,regular,30,0.3678,818,26620.0
2026-09-11,41000,2028-12-07,call,regular,375,0.3617,818,25785.0
2026-09-11,42000,2028-12-07,call,regular,65,0.3561,818,24965.0
2026-09-11,42500,2028-12-07,call,regular,100,0.3533,818,24555.0
2026-09-11,50000,2028-12-07,call,regular,400,0.3167,818,18755.0
2026-09-11,53000,2028-12-07,call,regular,50,0.3047,818,16635.0
2026-09-11,55000,2028-12-07,call,regular,50,0.2977,818,15305.0
2026-09-11,56000,2028-12-07,call,regular,650,0.2945,818,14665.0
2026-09-11,60000,2028-12-07,call,regular,250,0.2832,818,12280.0
2026-09-11,65000,2028-12-07,call,regular,25,0.2729,818,9735.0
2026-09-11,66500,2028-12-07,call,regular,130,0.2706,818,9065.0
2026-09-11,67500,2028-12-07,call,regular,100,0.2693,818,8645.0
2026-09-11,75000,2028-12-07,call,regular,80,0.2632,818,6055.0
2026-09-11,80000,2028-12-07,call,regular,200,0.2622,818,4805.0
2026-09-11,50000,2029-12-13,call,regular,100,0.3054,1189,20285.0
2026-09-11,60000,2029-12-13,call,regular,375,0.2784,1189,14175.0
2026-09-11,65000,2029-12-13,call,regular,50,0.2706,1189,11750.0
2026-09-11,57000,2030-12-12,call,regular,300,0.2783,1553,17220.0
2026-09-11,64000,2030-12-12,call,regular,3,0.2688,1553,13790.0
2026-09-11,64250,2026-09-16,put,mini,605,0.2,5,605.0
2026-09-11,66250,2026-09-16,put,mini,2,0.2,5,1630.0
2026-09-11,61250,2026-09-18,put,mini,2357,0.2363,7,137.0
2026-09-11,61375,2026-09-18,put,mini,21,0.2378,7,158.0
2026-09-11,61500,2026-09-18,put,mini,384,0.2297,7,161.0
2026-09-11,61625,2026-09-18,put,mini,182,0.2298,7,182.0
2026-09-11,61750,2026-09-18,put,mini,165,0.2216,7,186.0
2026-09-11,62000,2026-09-18,put,mini,401,0.2082,7,203.0
2026-09-11,62125,2026-09-18,put,mini,3,0.2071,7,227.0
2026-09-11,62250,2026-09-18,put,mini,172,0.2022,7,243.0
2026-09-11,62375,2026-09-18,put,mini,5,0.1992,7,266.0
2026-09-11,62500,2026-09-18,put,mini,397,0.1944,7,286.0
2026-09-11,62750,2026-09-18,put,mini,213,0.1793,7,315.0
2026-09-11,63000,2026-09-18,put,mini,397,0.1622,7,345.0
2026-09-11,63250,2026-09-18,put,mini,120,0.1494,7,400.0
2026-09-11,63375,2026-09-18,put,mini,1,0.1422,7,430.0
2026-09-11,63500,2026-09-18,put,mini,215,0.1337,7,460.0
2026-09-11,63750,2026-09-18,put,mini,69,0.1148,7,530.0
2026-09-11,64000,2026-09-18,put,mini,102,0.0779,7,580.0
2026-09-11,64250,2026-09-18,put,mini,61,0.2,7,660.0
2026-09-11,64375,2026-09-18,put,mini,1,0.2,7,725.0
2026-09-11,64500,2026-09-18,put,mini,36,0.2,7,750.0
2026-09-11,64625,2026-09-18,put,mini,2,0.2,7,825.0
2026-09-11,64750,2026-09-18,put,mini,8,0.2,7,875.0
2026-09-11,65000,2026-09-18,put,mini,25,0.2,7,965.0
2026-09-11,65250,2026-09-18,put,mini,11,0.2,7,1110.0
2026-09-11,65375,2026-09-18,put,mini,1165,0.2,7,1165.0
2026-09-11,65500,2026-09-18,put,mini,8,0.2,7,1250.0
2026-09-11,65625,2026-09-18,put,mini,1295,0.2,7,1295.0
2026-09-11,65750,2026-09-18,put,mini,4,0.2,7,1375.0
2026-09-11,66000,2026-09-18,put,mini,14,0.2,7,1535.0
2026-09-11,66125,2026-09-18,put,mini,4,0.2,7,1650.0
2026-09-11,66250,2026-09-18,put,mini,8,0.2,7,1720.0
2026-09-11,66375,2026-09-18,put,mini,8,0.2,7,1810.0
2026-09-11,66500,2026-09-18,put,mini,12,0.2,7,1895.0
2026-09-11,66625,2026-09-18,put,mini,10,0.2,7,1990.0
2026-09-11,66750,2026-09-18,put,mini,2,0.2,7,2075.0
2026-09-11,66875,2026-09-18,put,mini,2160,0.2,7,2160.0
2026-09-11,67000,2026-09-18,put,mini,2260,0.2,7,2260.0
2026-09-11,67250,2026-09-18,put,mini,2450,0.2,7,2450.0
2026-09-11,67375,2026-09-18,put,mini,2545,0.2,7,2545.0
2026-09-11,67500,2026-09-18,put,mini,2650,0.2,7,2650.0
2026-09-11,67625,2026-09-18,put,mini,2740,0.2,7,2740.0
2026-09-11,67875,2026-09-18,put,mini,2955,0.2,7,2955.0
2026-09-11,68000,2026-09-18,put,mini,3,0.2,7,3065.0
2026-09-11,68125,2026-09-18,put,mini,3165,0.2,7,3165.0
2026-09-11,68250,2026-09-18,put,mini,3275,0.2,7,3275.0
2026-09-11,68500,2026-09-18,put,mini,2,0.2,7,3500.0
2026-09-11,68750,2026-09-18,put,mini,3715,0.2,7,3715.0
2026-09-11,69250,2026-09-18,put,mini,4175,0.2,7,4175.0
2026-09-11,61250,2026-09-25,put,mini,26,0.206,14,252.0
2026-09-11,61375,2026-09-25,put,mini,32,0.2085,14,285.0
2026-09-11,61500,2026-09-25,put,mini,20,0.2067,14,305.0
2026-09-11,63000,2026-09-25,put,mini,71,0.1698,14,605.0
2026-09-11,63500,2026-09-25,put,mini,200,0.142,14,695.0
2026-09-11,63750,2026-09-25,put,mini,800,0.1365,14,800.0
2026-09-11,64500,2026-09-25,put,mini,1,0.0869,14,1090.0
2026-09-11,65000,2026-09-25,put,mini,50,0.2,14,1295.0
2026-09-11,65250,2026-09-25,put,mini,8,0.2,14,1410.0
2026-09-11,65500,2026-09-25,put,mini,1,0.2,14,1530.0
2026-09-11,66250,2026-09-25,put,mini,8,0.2,14,1975.0
2026-09-11,66500,2026-09-25,put,mini,4,0.2,14,2145.0
2026-09-11,64000,2026-09-30,put,mini,1265,0.1735,19,1265.0
2026-09-11,63500,2026-10-02,put,mini,1130,0.1877,21,1130.0
2026-09-11,64250,2026-10-02,put,mini,1445,0.1701,21,1445.0
2026-09-11,64750,2026-10-02,put,mini,4,0.1467,21,1645.0
2026-09-11,65000,2026-10-02,put,mini,4,0.1348,21,1770.0
2026-09-11,58375,2026-10-09,put,mini,127,0.2968,28,395.0
2026-09-11,58500,2026-10-09,put,mini,187,0.2904,28,390.0
2026-09-11,58750,2026-10-09,put,mini,7,0.2863,28,415.0
2026-09-11,59000,2026-10-09,put,mini,296,0.2806,28,435.0
2026-09-11,59125,2026-10-09,put,mini,450,0.2787,28,450.0
2026-09-11,59250,2026-10-09,put,mini,2,0.2779,28,470.0
2026-09-11,59375,2026-10-09,put,mini,2,0.278,28,495.0
2026-09-11,59500,2026-10-09,put,mini,39,0.2736,28,500.0
2026-09-11,59625,2026-10-09,put,mini,520,0.2723,28,520.0
2026-09-11,59750,2026-10-09,put,mini,4,0.2699,28,535.0
2026-09-11,59875,2026-10-09,put,mini,1,0.2713,28,570.0
2026-09-11,60000,2026-10-09,put,mini,214,0.2637,28,560.0
2026-09-11,60125,2026-10-09,put,mini,1,0.2638,28,590.0
2026-09-11,60250,2026-10-09,put,mini,2,0.259,28,595.0
2026-09-11,60500,2026-10-09,put,mini,22,0.2548,28,635.0
2026-09-11,60625,2026-10-09,put,mini,1,0.258,28,685.0
2026-09-11,60750,2026-10-09,put,mini,14,0.2519,28,685.0
2026-09-11,60875,2026-10-09,put,mini,1,0.2528,28,725.0
2026-09-11,61000,2026-10-09,put,mini,89,0.2457,28,720.0
2026-09-11,61125,2026-10-09,put,mini,4,0.2489,28,775.0
2026-09-11,61250,2026-10-09,put,mini,3,0.2442,28,785.0
2026-09-11,61375,2026-10-09,put,mini,790,0.2385,28,790.0
2026-09-11,61500,2026-10-09,put,mini,21,0.2394,28,835.0
2026-09-11,61625,2026-10-09,put,mini,880,0.24,28,880.0
2026-09-11,61750,2026-10-09,put,mini,3,0.2348,28,890.0
2026-09-11,61875,2026-10-09,put,mini,930,0.2342,28,930.0
2026-09-11,62000,2026-10-09,put,mini,123,0.228,28,935.0
2026-09-11,62125,2026-10-09,put,mini,1000,0.2309,28,1000.0
2026-09-11,62250,2026-10-09,put,mini,4,0.2259,28,1015.0
2026-09-11,62375,2026-10-09,put,mini,1075,0.2276,28,1075.0
2026-09-11,62500,2026-10-09,put,mini,584,0.2208,28,1080.0
2026-09-11,62750,2026-10-09,put,mini,961,0.2135,28,1135.0
2026-09-11,62875,2026-10-09,put,mini,3,0.2158,28,1205.0
2026-09-11,63000,2026-10-09,put,mini,85,0.2105,28,1225.0
2026-09-11,63125,2026-10-09,put,mini,1290,0.2116,28,1290.0
2026-09-11,63250,2026-10-09,put,mini,3,0.2073,28,1320.0
2026-09-11,63375,2026-10-09,put,mini,1370,0.2058,28,1370.0
2026-09-11,63500,2026-10-09,put,mini,31,0.1997,28,1390.0
2026-09-11,63625,2026-10-09,put,mini,2,0.1983,28,1445.0
2026-09-11,63750,2026-10-09,put,mini,11,0.1939,28,1480.0
2026-09-11,63875,2026-10-09,put,mini,2,0.192,28,1535.0
2026-09-11,64000,2026-10-09,put,mini,187,0.1877,28,1575.0
2026-09-11,64125,2026-10-09,put,mini,1,0.186,28,1635.0
2026-09-11,64250,2026-10-09,put,mini,7,0.1825,28,1685.0
2026-09-11,64375,2026-10-09,put,mini,1735,0.1788,28,1735.0
2026-09-11,64500,2026-10-09,put,mini,36,0.1724,28,1770.0
2026-09-11,64625,2026-10-09,put,mini,1,0.1708,28,1840.0
2026-09-11,64750,2026-10-09,put,mini,56,0.1643,28,1880.0
2026-09-11,64875,2026-10-09,put,mini,3,0.1604,28,1940.0
2026-09-11,65000,2026-10-09,put,mini,63,0.1536,28,1985.0
2026-09-11,65125,2026-10-09,put,mini,2055,0.1502,28,2055.0
2026-09-11,65250,2026-10-09,put,mini,2,0.1446,28,2115.0
2026-09-11,65375,2026-10-09,put,mini,1,0.139,28,2180.0
2026-09-11,65500,2026-10-09,put,mini,7,0.1345,28,2255.0
2026-09-11,65625,2026-10-09,put,mini,2310,0.1248,28,2310.0
2026-09-11,65750,2026-10-09,put,mini,1,0.1152,28,2375.0
2026-09-11,65875,2026-10-09,put,mini,2440,0.1025,28,2440.0
2026-09-11,66000,2026-10-09,put,mini,33,0.0893,28,2520.0
2026-09-11,66250,2026-10-09,put,mini,6,0.2,28,2655.0
2026-09-11,66375,2026-10-09,put,mini,2720,0.2,28,2720.0
2026-09-11,66500,2026-10-09,put,mini,23,0.2,28,2810.0
2026-09-11,66625,2026-10-09,put,mini,2865,0.2,28,2865.0
2026-09-11,66750,2026-10-09,put,mini,12,0.2,28,2950.0
2026-09-11,67000,2026-10-09,put,mini,18,0.2,28,3125.0
2026-09-11,67125,2026-10-09,put,mini,1,0.2,28,3190.0
2026-09-11,67250,2026-10-09,put,mini,3,0.2,28,3285.0
2026-09-11,67500,2026-10-09,put,mini,11,0.2,28,3450.0
2026-09-11,68000,2026-10-09,put,mini,3,0.2,28,3800.0
2026-09-11,68250,2026-10-09,put,mini,12,0.2,28,3980.0
2026-09-11,68500,2026-10-09,put,mini,16,0.2,28,4170.0
2026-09-11,68750,2026-10-09,put,mini,153,0.2,28,4365.0
2026-09-11,69000,2026-10-09,put,mini,277,0.2,28,4560.0
2026-09-11,69250,2026-10-09,put,mini,24,0.2,28,4755.0
2026-09-11,69500,2026-10-09,put,mini,3,0.2,28,4965.0
2026-09-11,69750,2026-10-09,put,mini,5170,0.2,28,5170.0
2026-09-11,70000,2026-10-09,put,mini,5,0.2,28,5385.0
2026-09-11,70500,2026-10-09,put,mini,1,0.2,28,5820.0
2026-09-11,71000,2026-10-09,put,mini,3,0.2,28,6265.0
2026-09-11,71250,2026-10-09,put,mini,3,0.2,28,6490.0
2026-09-11,71500,2026-10-09,put,mini,6720,0.2,28,6720.0
2026-09-11,71750,2026-10-09,put,mini,973,0.2,28,6950.0
2026-09-11,72250,2026-10-09,put,mini,2,0.2,28,7415.0
2026-09-11,61250,2026-10-16,put,mini,1,0.2509,35,1005.0
2026-09-11,61250,2026-11-13,put,mini,11,0.2528,63,1630.0
2026-09-11,61375,2026-11-13,put,mini,1665,0.2514,63,1665.0
2026-09-11,61500,2026-11-13,put,mini,2,0.2505,63,1705.0
2026-09-11,61625,2026-11-13,put,mini,1,0.249,63,1740.0
2026-09-11,62000,2026-11-13,put,mini,15,0.2439,63,1845.0
2026-09-11,62250,2026-11-13,put,mini,2,0.2417,63,1930.0
2026-09-11,62375,2026-11-13,put,mini,11,0.2402,63,1970.0
2026-09-11,62500,2026-11-13,put,mini,7,0.2337,63,1960.0
2026-09-11,62750,2026-11-13,put,mini,1,0.2366,63,2105.0
2026-09-11,63000,2026-11-13,put,mini,12,0.2304,63,2160.0
2026-09-11,63500,2026-11-13,put,mini,1,0.2242,63,2345.0
2026-09-11,63625,2026-11-13,put,mini,1,0.2175,63,2340.0
2026-09-11,64000,2026-11-13,put,mini,2,0.2155,63,2520.0
2026-09-11,64250,2026-11-13,call,mini,1,0.279,63,2605.0
2026-09-11,64375,2026-11-13,call,mini,1,0.2937,63,2705.0
2026-09-11,64500,2026-11-13,call,mini,2,0.2997,63,2715.0
2026-09-11,64750,2026-11-13,call,mini,1,0.3259,63,2885.0
2026-09-11,65000,2026-11-13,call,mini,2,0.3429,63,2960.0
2026-09-11,65250,2026-11-13,call,mini,10,0.3631,63,3070.0
2026-09-11,65375,2026-11-13,call,mini,1,0.3759,63,3155.0
2026-09-11,65500,2026-11-13,call,mini,18,0.3864,63,3215.0
2026-09-11,66000,2026-11-13,call,mini,4,0.4288,63,3465.0
2026-09-11,66250,2026-11-13,call,mini,1,0.4513,63,3605.0
2026-09-11,66375,2026-11-13,call,mini,2,0.462,63,3670.0
2026-09-11,66500,2026-11-13,call,mini,18,0.4727,63,3735.0
2026-09-11,66750,2026-11-13,call,mini,6,0.4958,63,3885.0
2026-09-11,68000,2026-11-13,call,mini,1,0.6114,63,4645.0
2026-09-11,70000,2026-11-13,call,mini,6040,0.8092,63,6040.0
2026-09-11,71000,2026-11-13,call,mini,1,0.9162,63,6840.0
2026-09-11,71500,2026-11-13,call,mini,1,0.9697,63,7245.0
2026-09-11,72000,2026-11-13,call,mini,5,1.0211,63,7630.0
2026-09-11,72250,2026-11-13,call,mini,2,1.0508,63,7865.0
2026-09-11,64250,2026-09-16,call,mini,1555,0.6367,5,1555.0
2026-09-11,66250,2026-09-16,call,mini,2,0.5235,5,580.0
2026-09-11,62375,2026-09-18,call,mini,3090,0.7124,7,3090.0
2026-09-11,63000,2026-09-18,call,mini,2575,0.6602,7,2575.0
2026-09-11,63125,2026-09-18,call,mini,2480,0.6514,7,2480.0
2026-09-11,63250,2026-09-18,call,mini,2380,0.6408,7,2380.0
2026-09-11,63625,2026-09-18,call,mini,2105,0.6146,7,2105.0
2026-09-11,63750,2026-09-18,call,mini,2015,0.6057,7,2015.0
2026-09-11,64000,2026-09-18,call,mini,2,0.587,7,1835.0
2026-09-11,64250,2026-09-18,call,mini,1,0.5767,7,1690.0
2026-09-11,64500,2026-09-18,call,mini,20,0.5535,7,1505.0
2026-09-11,64750,2026-09-18,call,mini,55,0.5401,7,1360.0
2026-09-11,64875,2026-09-18,call,mini,1310,0.5393,7,1310.0
2026-09-11,65000,2026-09-18,call,mini,72,0.5367,7,1255.0
2026-09-11,65250,2026-09-18,call,mini,8,0.5092,7,1075.0
2026-09-11,65500,2026-09-18,call,mini,77,0.5037,7,975.0
2026-09-11,65750,2026-09-18,call,mini,56,0.4868,7,845.0
2026-09-11,65875,2026-09-18,call,mini,815,0.4887,7,815.0
2026-09-11,66000,2026-09-18,call,mini,128,0.4854,7,770.0
2026-09-11,66125,2026-09-18,call,mini,725,0.4815,7,725.0
2026-09-11,66250,2026-09-18,call,mini,13,0.4737,7,670.0
2026-09-11,66375,2026-09-18,call,mini,635,0.4722,7,635.0
2026-09-11,66500,2026-09-18,call,mini,331,0.4631,7,580.0
2026-09-11,66750,2026-09-18,call,mini,171,0.463,7,525.0
2026-09-11,66875,2026-09-18,call,mini,4,0.4575,7,485.0
2026-09-11,67000,2026-09-18,call,mini,306,0.4572,7,460.0
2026-09-11,67125,2026-09-18,call,mini,8,0.4504,7,420.0
2026-09-11,67250,2026-09-18,call,mini,35,0.4406,7,375.0
2026-09-11,67375,2026-09-18,call,mini,4,0.443,7,360.0
2026-09-11,67500,2026-09-18,call,mini,264,0.4337,7,320.0
2026-09-11,67750,2026-09-18,call,mini,149,0.4412,7,300.0
2026-09-11,67875,2026-09-18,call,mini,66,0.4382,7,277.0
2026-09-11,68000,2026-09-18,call,mini,1022,0.4244,7,235.0
2026-09-11,68125,2026-09-18,call,mini,10,0.4328,7,236.0
2026-09-11,68250,2026-09-18,call,mini,36,0.4329,7,222.0
2026-09-11,68375,2026-09-18,call,mini,4,0.4242,7,194.0
2026-09-11,68500,2026-09-18,call,mini,170,0.4147,7,167.0
2026-09-11,68625,2026-09-18,call,mini,23,0.4206,7,165.0
2026-09-11,68750,2026-09-18,call,mini,50,0.4119,7,142.0
2026-09-11,68875,2026-09-18,call,mini,12,0.4167,7,139.0
2026-09-11,69000,2026-09-18,call,mini,320,0.4091,7,120.0
2026-09-11,69250,2026-09-18,call,mini,26,0.4091,7,104.0
2026-09-11,69375,2026-09-18,call,mini,1,0.4148,7,103.0
2026-09-11,69500,2026-09-18,call,mini,113,0.4149,7,96.0
2026-09-11,69750,2026-09-18,call,mini,4,0.4139,7,82.0
2026-09-11,70000,2026-09-18,call,mini,282,0.3999,7,59.0
2026-09-11,70125,2026-09-18,call,mini,2,0.407,7,60.0
2026-09-11,70250,2026-09-18,call,mini,16,0.3994,7,50.0
2026-09-11,70375,2026-09-18,call,mini,1,0.4135,7,56.0
2026-09-11,70500,2026-09-18,call,mini,39,0.3986,7,42.0
2026-09-11,70750,2026-09-18,call,mini,1,0.4097,7,42.0
2026-09-11,70875,2026-09-18,call,mini,33,0.3992,7,33.0
2026-09-11,71000,2026-09-18,call,mini,112,0.3943,7,28.0
2026-09-11,71250,2026-09-18,call,mini,2,0.4069,7,29.0
2026-09-11,71375,2026-09-18,call,mini,2,0.4224,7,34.0
2026-09-11,71500,2026-09-18,call,mini,16,0.4194,7,30.0
2026-09-11,71625,2026-09-18,call,mini,5,0.4202,7,28.0
2026-09-11,72000,2026-09-18,call,mini,76,0.3916,7,13.0
2026-09-11,72250,2026-09-18,call,mini,149,0.3926,7,11.0
2026-09-11,63750,2026-09-25,call,mini,2260,0.4776,14,2260.0
2026-09-11,64500,2026-09-25,call,mini,2,0.4514,14,1800.0
2026-09-11,64875,2026-09-25,call,mini,1,0.436,14,1575.0
2026-09-11,65000,2026-09-25,call,mini,1505,0.4314,14,1505.0
2026-09-11,65250,2026-09-25,call,mini,8,0.4224,14,1370.0
2026-09-11,66000,2026-09-25,call,mini,1025,0.4011,14,1025.0
2026-09-11,66250,2026-09-25,call,mini,8,0.3971,14,935.0
2026-09-11,66500,2026-09-25,call,mini,404,0.3944,14,855.0
2026-09-11,67375,2026-09-25,call,mini,575,0.375,14,575.0
2026-09-11,68000,2026-09-25,call,mini,70,0.3643,14,425.0
2026-09-11,69000,2026-09-25,call,mini,801,0.3501,14,251.0
2026-09-11,69250,2026-09-25,call,mini,7,0.3474,14,219.0
2026-09-11,69375,2026-09-25,call,mini,10,0.3459,14,204.0
2026-09-11,64000,2026-09-30,call,mini,2145,0.4098,19,2145.0
2026-09-11,63500,2026-10-02,call,mini,2515,0.4123,21,2515.0
2026-09-11,64250,2026-10-02,call,mini,2085,0.398,21,2085.0
2026-09-11,64750,2026-10-02,call,mini,4,0.3829,21,1785.0
2026-09-11,65000,2026-10-02,call,mini,4,0.3783,21,1660.0
2026-09-11,58375,2026-10-09,call,mini,2,0.5773,28,6985.0
2026-09-11,58500,2026-10-09,call,mini,20,0.572,28,6870.0
2026-09-11,59000,2026-10-09,call,mini,6425,0.5529,28,6425.0
2026-09-11,59750,2026-10-09,call,mini,5765,0.5243,28,5765.0
2026-09-11,60000,2026-10-09,call,mini,5550,0.5152,28,5550.0
2026-09-11,61125,2026-10-09,call,mini,4625,0.478,28,4625.0
2026-09-11,61250,2026-10-09,call,mini,10,0.4732,28,4520.0
2026-09-11,61500,2026-10-09,call,mini,4320,0.4649,28,4320.0
2026-09-11,61750,2026-10-09,call,mini,4130,0.4578,28,4130.0
2026-09-11,61875,2026-10-09,call,mini,4030,0.4533,28,4030.0
2026-09-11,62000,2026-10-09,call,mini,2,0.4503,28,3940.0
2026-09-11,62250,2026-10-09,call,mini,3,0.4432,28,3755.0
2026-09-11,62500,2026-10-09,call,mini,3570,0.4358,28,3570.0
2026-09-11,62750,2026-10-09,call,mini,970,0.4294,28,3395.0
2026-09-11,63000,2026-10-09,call,mini,8,0.4218,28,3215.0
2026-09-11,63500,2026-10-09,call,mini,3,0.4091,28,2880.0
2026-09-11,63750,2026-10-09,call,mini,4,0.3988,28,2690.0
2026-09-11,63875,2026-10-09,call,mini,2645,0.4006,28,2645.0
2026-09-11,64000,2026-10-09,call,mini,31,0.3888,28,2505.0
2026-09-11,64125,2026-10-09,call,mini,2490,0.3946,28,2490.0
2026-09-11,64250,2026-10-09,call,mini,5,0.3868,28,2380.0
2026-09-11,64375,2026-10-09,call,mini,2340,0.3888,28,2340.0
2026-09-11,64500,2026-10-09,call,mini,19,0.3835,28,2250.0
2026-09-11,64625,2026-10-09,call,mini,2195,0.3831,28,2195.0
2026-09-11,64750,2026-10-09,call,mini,11,0.3776,28,2105.0
2026-09-11,64875,2026-10-09,call,mini,2015,0.3719,28,2015.0
2026-09-11,65000,2026-10-09,call,mini,37,0.366,28,1925.0
2026-09-11,65125,2026-10-09,call,mini,2,0.3658,28,1875.0
2026-09-11,65250,2026-10-09,call,mini,7,0.3639,28,1815.0
2026-09-11,65375,2026-10-09,call,mini,1750,0.3612,28,1750.0
2026-09-11,65500,2026-10-09,call,mini,30,0.3554,28,1665.0
2026-09-11,65625,2026-10-09,call,mini,1625,0.3561,28,1625.0
2026-09-11,65750,2026-10-09,call,mini,1,0.3536,28,1565.0
2026-09-11,65875,2026-10-09,call,mini,1520,0.3533,28,1520.0
2026-09-11,66000,2026-10-09,call,mini,190,0.3459,28,1430.0
2026-09-11,66125,2026-10-09,call,mini,1400,0.3475,28,1400.0
2026-09-11,66250,2026-10-09,call,mini,12,0.3436,28,1335.0
2026-09-11,66375,2026-10-09,call,mini,1285,0.3419,28,1285.0
2026-09-11,66500,2026-10-09,call,mini,15,0.3376,28,1220.0
2026-09-11,66625,2026-10-09,call,mini,1,0.3378,28,1185.0
2026-09-11,66750,2026-10-09,call,mini,4,0.3355,28,1135.0
2026-09-11,66875,2026-10-09,call,mini,1095,0.3347,28,1095.0
2026-09-11,67000,2026-10-09,call,mini,142,0.3295,28,1030.0
2026-09-11,67125,2026-10-09,call,mini,6,0.3275,28,985.0
2026-09-11,67250,2026-10-09,call,mini,3,0.3261,28,945.0
2026-09-11,67375,2026-10-09,call,mini,2,0.3253,28,910.0
2026-09-11,67500,2026-10-09,call,mini,33,0.3227,28,865.0
2026-09-11,67625,2026-10-09,call,mini,1,0.3208,28,825.0
2026-09-11,67750,2026-10-09,call,mini,790,0.3195,28,790.0
2026-09-11,67875,2026-10-09,call,mini,8,0.318,28,755.0
2026-09-11,68000,2026-10-09,call,mini,187,0.3164,28,720.0
2026-09-11,68125,2026-10-09,call,mini,705,0.3184,28,705.0
2026-09-11,68250,2026-10-09,call,mini,19,0.3145,28,660.0
2026-09-11,68500,2026-10-09,call,mini,39,0.3098,28,590.0
2026-09-11,68625,2026-10-09,call,mini,2,0.3153,28,595.0
2026-09-11,68750,2026-10-09,call,mini,236,0.3073,28,535.0
2026-09-11,68875,2026-10-09,call,mini,540,0.3127,28,540.0
2026-09-11,69000,2026-10-09,call,mini,481,0.3051,28,485.0
2026-09-11,69125,2026-10-09,call,mini,1,0.3083,28,480.0
2026-09-11,69250,2026-10-09,call,mini,29,0.3033,28,440.0
2026-09-11,69375,2026-10-09,call,mini,435,0.3063,28,435.0
2026-09-11,69500,2026-10-09,call,mini,47,0.3008,28,395.0
2026-09-11,69625,2026-10-09,call,mini,1,0.306,28,400.0
2026-09-11,69750,2026-10-09,call,mini,1,0.2999,28,360.0
2026-09-11,69875,2026-10-09,call,mini,345,0.2999,28,345.0
2026-09-11,70000,2026-10-09,call,mini,256,0.297,28,320.0
2026-09-11,70125,2026-10-09,call,mini,1,0.3035,28,330.0
2026-09-11,70250,2026-10-09,call,mini,4,0.2969,28,293.0
2026-09-11,70375,2026-10-09,call,mini,2,0.2968,28,280.0
2026-09-11,70500,2026-10-09,call,mini,56,0.2941,28,259.0
2026-09-11,70625,2026-10-09,call,mini,3,0.2949,28,250.0
2026-09-11,70750,2026-10-09,call,mini,6,0.2942,28,237.0
2026-09-11,71000,2026-10-09,call,mini,344,0.2921,28,210.0
2026-09-11,71125,2026-10-09,call,mini,2,0.2927,28,202.0
2026-09-11,71250,2026-10-09,call,mini,3,0.292,28,191.0
2026-09-11,71500,2026-10-09,call,mini,40,0.291,28,171.0
2026-09-11,71750,2026-10-09,call,mini,1155,0.2917,28,157.0
2026-09-11,72000,2026-10-09,call,mini,402,0.2888,28,136.0
2026-09-11,72125,2026-10-09,call,mini,4,0.2914,28,135.0
2026-09-11,72250,2026-10-09,call,mini,41,0.2897,28,125.0
2026-09-11,61500,2026-11-13,call,mini,2,0.3999,63,5230.0
2026-09-11,62000,2026-11-13,call,mini,2,0.3908,63,4870.0
2026-09-11,62500,2026-11-13,call,mini,4575,0.3873,63,4575.0
2026-09-11,63000,2026-11-13,call,mini,8,0.3743,63,4190.0
2026-09-11,63500,2026-11-13,call,mini,3880,0.3677,63,3880.0
2026-09-11,64000,2026-11-13,call,mini,8,0.3582,63,3550.0
2026-09-11,64250,2026-11-13,call,mini,3385,0.3531,63,3385.0
2026-09-11,64500,2026-11-13,call,mini,2,0.3501,63,3245.0
2026-09-11,64750,2026-11-13,call,mini,7,0.3531,63,3170.0
2026-09-11,65000,2026-11-13,call,mini,21,0.3463,63,2995.0
2026-09-11,65125,2026-11-13,call,mini,2,0.3444,63,2925.0
2026-09-11,65250,2026-11-13,call,mini,18,0.3425,63,2855.0
2026-09-11,65500,2026-11-13,call,mini,2755,0.3423,63,2755.0
2026-09-11,66000,2026-11-13,call,mini,27,0.3364,63,2505.0
2026-09-11,66250,2026-11-13,call,mini,6,0.334,63,2390.0
2026-09-11,66500,2026-11-13,call,mini,10,0.3313,63,2275.0
2026-09-11,66625,2026-11-13,call,mini,3,0.332,63,2240.0
2026-09-11,66750,2026-11-13,call,mini,3,0.3298,63,2175.0
2026-09-11,67000,2026-11-13,call,mini,30,0.3265,63,2060.0
2026-09-11,67125,2026-11-13,call,mini,2,0.3275,63,2030.0
2026-09-11,67250,2026-11-13,call,mini,1,0.3264,63,1980.0
2026-09-11,67500,2026-11-13,call,mini,4,0.3246,63,1885.0
2026-09-11,67750,2026-11-13,call,mini,1,0.323,63,1795.0
2026-09-11,68000,2026-11-13,call,mini,25,0.3195,63,1690.0
2026-09-11,68500,2026-11-13,call,mini,10,0.3164,63,1525.0
2026-09-11,68750,2026-11-13,call,mini,1,0.3141,63,1440.0
2026-09-11,69000,2026-11-13,call,mini,18,0.3126,63,1365.0
2026-09-11,69250,2026-11-13,call,mini,1,0.3114,63,1295.0
2026-09-11,69500,2026-11-13,call,mini,2,0.3099,63,1225.0
2026-09-11,69750,2026-11-13,call,mini,1,0.3087,63,1160.0
2026-09-11,70000,2026-11-13,call,mini,35,0.3065,63,1090.0
2026-09-11,70125,2026-11-13,call,mini,6,0.3066,63,1065.0
2026-09-11,70250,2026-11-13,call,mini,1,0.3041,63,1020.0
2026-09-11,70500,2026-11-13,call,mini,2,0.3076,63,1000.0
2026-09-11,71000,2026-11-13,call,mini,7,0.3011,63,860.0
2026-09-11,71250,2026-11-13,call,mini,840,0.3041,63,840.0
2026-09-11,71500,2026-11-13,call,mini,4,0.3035,63,795.0
2026-09-11,71750,2026-11-13,call,mini,2,0.3026,63,750.0
2026-09-11,72000,2026-11-13,call,mini,94,0.2977,63,680.0
2026-09-11,72125,2026-11-13,call,mini,3,0.3003,63,680.0
2026-09-11,72250,2026-11-13,call,mini,9,0.3007,63,665.0
